entry,mid,instspeed,exit,length
3260.654096691654,3266.247449473801,13.074571844603312,3272.177989993734,150.19
5064.386505449479,5070.397349185588,12.316766414040684,5076.847407760564,150.19
7399.991215309398,7405.52314218199,12.81285475640397,7411.399615539771,150.19
