entry,mid,instspeed,exit,length
3704.7543982781617,3711.3044315049506,11.498045052625406,3718.376087818865,150.19
6395.839756840533,6402.420418084735,11.290100016624725,6409.43627171224,150.19
