interval,Zmax,Zmin,q_value,SelectedNum
0.0,1.084405061229934,0.6428227567700412,1.2932700212122668,4.0
1.0,1.0116303301610967,0.5782325168008559,0.7126621369069855,7.0
2.0,0.9859383452237367,0.9484178280839557,0.8369882167858358,2.0
3.0,1.0661963625725686,0.6939399489921837,1.1401322633514002,5.0
4.0,1.1090394701590074,0.37423181682342016,0.9130372444142847,4.0
5.0,0.9065700307319167,0.7797618035081567,0.7770048298616854,5.0
6.0,0.9160364412629806,0.8654911956668677,0.9899951204437087,4.0
7.0,1.0228039500965123,0.8189868446801012,1.1701690016819213,4.0
8.0,0.954696814419484,0.7954049846786998,0.9548608780211034,3.0
9.0,0.9761124719229908,0.48089066976494493,0.6425268882944069,5.0
10.0,0.9226432451576351,0.6660296793464052,0.9478222149387336,5.0
11.0,0.9863762892424506,0.5933994035514724,0.6904462411109059,4.0
12.0,0.9088603080364767,0.9088603080364767,-0.0,1.0
13.0,0.9031329921752432,0.7074839269143302,0.9777182960946265,4.0
14.0,0.8957012706898841,0.16754595634973776,0.6722557200511666,4.0
15.0,0.9498660397240858,0.8344293133988524,1.4136849408997192,4.0
16.0,0.936788610907219,0.7391908347491376,0.8640360793144444,3.0
17.0,0.9436294033575746,0.8831665172286126,0.8369882167858358,2.0
18.0,0.9967458249316896,0.8142844877331769,0.9568685658998791,4.0
19.0,1.1077271687253736,0.8259200671152626,1.112327854872541,3.0
20.0,1.0,0.0,0.0,0.0
21.0,0.8783415739979745,0.8311379424261397,1.018192451634566,3.0
22.0,0.9663391393781402,0.7497078170291792,0.9025045368175487,6.0
23.0,0.8868818113202654,0.08522456052155178,1.3688540533570555,4.0
24.0,0.896865940402352,0.5648449062678083,1.1905149016192977,6.0
25.0,1.0,0.0,0.0,0.0
26.0,1.0,0.0,0.0,0.0
27.0,1.0183449002988536,0.7568450022868762,1.2158396130454454,4.0
28.0,0.9766347198850016,0.7635384925745303,0.8609873023145733,4.0
29.0,0.9516875542696174,0.7759530257846663,0.9387587969172451,4.0
30.0,0.9343636224935771,0.8098978993861639,0.821669796466029,4.0
