interval,Zmax,Zmin,q_value,SelectedNum
0.0,1.0472823664403517,0.9325202262186745,0.9318487101474984,4.0
1.0,1.0271305532853594,0.847071477087809,0.6342664450684921,4.0
2.0,1.0534529789621376,0.31370635770624483,0.8858251326272972,6.0
3.0,1.0635192611073414,0.39325949068929184,0.7250742556704352,3.0
4.0,1.325952505863807,0.20438843024087572,1.601801314285393,6.0
5.0,0.7641242798511059,0.2429277179986655,1.6470821276141479,5.0
6.0,0.8831614352540599,0.29234009502422226,1.3966365490405845,4.0
7.0,0.9867669593250611,0.5297934076797158,0.8713059357963189,5.0
8.0,1.1228010406554592,0.2828628297610635,1.5449497228728615,4.0
9.0,1.0061440312179457,0.2957712846799264,1.4427860385927944,4.0
10.0,0.39699083307357996,0.3356414620149966,1.1916849453354694,4.0
11.0,0.8454572411190265,0.2126767177342071,1.2698225912670884,4.0
12.0,0.3793280771387129,0.19982420774181464,0.9998839272741498,5.0
13.0,1.0593842199376788,0.2519490235659975,1.1012629192918606,4.0
14.0,0.33960114180312084,0.08493071799734529,1.413107307534153,4.0
15.0,0.9317174312952284,0.253256465664372,1.5512459615032086,4.0
16.0,0.3563869757732656,0.27869336971990416,1.3822911603566028,5.0
17.0,0.3200895082723842,0.13943534050267872,0.9177903538282921,4.0
18.0,0.11274149520198075,0.05384920423279514,1.2259353832669195,4.0
19.0,0.8683658573882377,0.16211634970393188,1.6739561108616754,8.0
20.0,0.3539803277711666,0.1941737132413422,0.7747961749168779,4.0
21.0,0.681354534042086,0.06736193467530707,1.3131228853244696,4.0
22.0,0.04254822059456596,0.04254822059456596,-0.0,1.0
23.0,1.0,0.0,0.0,0.0
24.0,0.03627390354122779,0.025008602220209973,1.4257005721746783,4.0
25.0,1.0705618165239763,0.26638029318556306,0.6293771325850317,4.0
26.0,0.12571770681889163,0.05274834545616389,0.9848965626804348,4.0
27.0,0.9749606639665215,0.18231240547936076,1.060103419106398,4.0
28.0,0.335911708245282,0.28138053110977307,1.308200091676481,6.0
29.0,0.3625042226316831,0.3160794486720815,0.7336366290596276,6.0
30.0,0.74599935225963,0.2742356952160714,1.1652076205209574,4.0
31.0,0.9633869477949475,0.3774827643635186,0.8369882167858358,2.0
