interval,Zmax,Zmin,q_value,SelectedNum
0.0,0.795673515388683,0.19195197168890962,1.4652567979190718,4.0
1.0,0.8965167506059682,0.206556517434546,0.8369882167858358,2.0
2.0,0.3072512909076885,0.14180012066433087,0.9591496655166039,4.0
3.0,0.24650045078964347,0.1408510121240049,0.9185516907028162,4.0
4.0,1.0592460503527934,0.18135005283132105,1.5613086789433894,4.0
5.0,1.0436632969191157,0.21734655608854564,1.4047298502733647,4.0
6.0,1.049583197027253,0.18305307325374187,1.094239744940627,4.0
7.0,0.2462177423491382,0.14041490589869932,0.8722951953119953,3.0
8.0,0.5991538231210528,0.1466690271022382,1.3144479060067624,4.0
9.0,0.9393568823279592,0.21090918444401094,1.3337986593061073,4.0
10.0,0.24162424134702162,0.20682585894993638,0.8369882167858358,2.0
11.0,0.9680612786763126,0.17454657911879584,1.5388388060714386,4.0
12.0,1.0357213113303443,0.2641809101242544,0.9545084315520663,5.0
13.0,0.2806568060185286,0.26165375586587153,0.7833219732498863,4.0
14.0,1.0448207797122413,0.17672310305076697,0.9872550102900786,4.0
15.0,0.435026456624719,0.18966080876629948,1.28414349986252,5.0
16.0,0.7630504114625072,0.20934468377033305,0.8413770557057696,4.0
17.0,0.9552176852311526,0.16851549811763297,1.4051387049701896,4.0
18.0,0.960937784809058,0.23759941643000185,0.8166995030818408,4.0
19.0,0.32552205634391956,0.17489975002028124,0.9142492581948315,4.0
20.0,0.9441611973708837,0.20712703464787077,1.418547205205798,4.0
21.0,0.5476097243208382,0.27361954476042255,1.226152995128372,4.0
22.0,0.7310363162040993,0.19921436529415323,1.5336150076827155,4.0
23.0,0.727735351791077,0.2002473830560535,1.6742272934802869,5.0
24.0,0.24140171362517887,0.1452980648156321,0.7029686059700911,5.0
25.0,0.3030004564659246,0.3030004564659246,-0.0,1.0
26.0,0.31031789654858793,0.19725003752287737,0.953443568558264,4.0
27.0,0.2725390401860701,0.2725390401860701,-0.0,1.0
28.0,0.17724820824992957,0.17724820824992957,-0.0,1.0
29.0,1.1978882927185972,0.20516853555612694,0.7369393115919105,4.0
