interval,Zmax,Zmin,q_value,SelectedNum
0.0,1.0784388870413797,0.19083467285595931,1.1069934018040306,4.0
1.0,0.47732135172437523,0.2401809514703338,0.9200626640212244,4.0
2.0,1.0039414829631887,0.21344791571858487,0.6627457885807372,4.0
3.0,1.0330434547102643,0.20138087450681386,1.4576748276197162,7.0
4.0,0.9493266760854886,0.18495424895442367,1.0408441109165005,4.0
5.0,1.071675557064808,0.16751626363996525,0.6736012407009966,4.0
6.0,0.8632630230430717,0.1641309212128778,1.307137475733719,4.0
7.0,1.015945706386246,0.17756903848164585,0.728607119856179,4.0
8.0,1.0219471024463287,0.1821925588640422,1.1196022745844136,4.0
9.0,0.7393095944896156,0.16414152402586363,1.51387091851115,4.0
10.0,1.04411642968919,0.20021935665118462,0.7688286965391973,4.0
11.0,0.9552726979124303,0.1651577980311252,1.10115809962364,7.0
12.0,0.8198773727335669,0.16774616349244245,1.4678552243890461,4.0
13.0,1.011039668590462,0.1647684603204871,1.6016186499630487,6.0
14.0,0.6136827867716409,0.1637975355457446,1.195993119308541,4.0
15.0,1.0226949847012041,0.2007206823731798,0.6729241322917328,4.0
16.0,1.0543919554313907,0.21752185746353322,0.6708828266304533,4.0
17.0,1.174761107334689,0.8773355233074176,1.1669162792582153,4.0
18.0,1.0816122784966913,0.1769691940579632,0.6753832567879937,4.0
19.0,1.1511180729635935,0.22965612492105253,1.372653979584688,12.0
20.0,1.0185507778764176,0.17364512262750761,1.664618618709935,6.0
21.0,1.0581938848723709,0.2619777586803403,1.6726334017317501,7.0
22.0,1.0256228592150924,0.24599088326453086,1.5574464647097241,4.0
23.0,0.9726404955467461,0.1650870350306994,1.4461611008842716,4.0
24.0,0.8799666212834302,0.17870741407146412,1.338008999702217,4.0
25.0,1.061534499392481,0.17780280273527946,1.191503509589383,6.0
26.0,0.9678375598934605,0.19916061366867682,1.2436219832382696,3.0
27.0,1.0628974880431656,0.9140121412756184,0.7809523683667505,4.0
28.0,0.9815752655725856,0.22882981634748165,1.1395923758272453,4.0
29.0,0.23783324598760097,0.17091265213888396,0.6525779114264901,6.0
