interval,Zmax,Zmin,q_value,SelectedNum
0.0,1.0070047653237408,0.9678265619693971,0.8148678542946165,3.0
1.0,1.0523692761569707,0.8967204218702405,0.864935111713359,4.0
2.0,1.0996735883277031,0.9185167540183836,0.848441882508607,4.0
3.0,1.0731808578759925,0.9713011667189242,1.2297659074216198,4.0
4.0,1.032975306643528,0.9549039275564706,1.1056515507219307,5.0
5.0,1.1902194517235842,0.836607002077767,1.215810721350529,10.0
6.0,1.1234180977593626,0.909688423490193,1.3846829716684095,4.0
7.0,1.0934477792576294,0.9101727383519592,1.0810797216814345,5.0
8.0,1.1615119574654702,0.8792176570216571,1.3412544743017405,7.0
9.0,1.0612994958788258,0.8592638730952366,1.2350402416828485,5.0
10.0,1.0610494059416198,0.7816661818401638,0.8634614212151362,8.0
11.0,1.1327746420265623,0.9231028041836268,1.484769210064839,6.0
12.0,1.255080709532121,0.8460486781398928,1.2405951992430033,5.0
13.0,1.054053213136951,0.9142678093696927,0.8170906759361937,4.0
14.0,1.1022372398224367,0.8737753121987308,0.8110081898530458,5.0
15.0,1.1921829111719813,0.8975710475022253,0.7682792773255128,8.0
16.0,1.0687143945228565,0.9397970549177785,1.0204330246004267,4.0
17.0,1.1115506484275135,0.8719097238588659,0.7680318653488238,6.0
18.0,1.079266888659466,0.8139381616219649,0.8935951781453498,6.0
19.0,1.1719194551671195,0.9316191318807628,1.055769051176189,5.0
20.0,1.1297728654174002,0.7845392159667665,1.0932595338871425,7.0
21.0,1.0665209344765962,0.9245690196139716,1.0062288091315945,5.0
22.0,1.0186454541311964,0.8762107248162734,0.7926280396866205,4.0
23.0,1.162798875773235,0.8897626256563236,1.1300165304050993,4.0
24.0,1.0491506496917593,0.850273266433351,1.0601347179843237,6.0
25.0,1.0529316278057774,0.7581838042546213,0.7094855011996961,4.0
26.0,1.1841666100365558,0.8013664801829558,1.4595741254572978,6.0
27.0,1.0727854372324563,0.8998298566223616,0.9055810329097109,8.0
28.0,1.0438790913619136,0.9063911051438597,0.713274951399066,4.0
29.0,1.1751996442388768,0.778855338032852,1.1470487195915726,4.0
30.0,1.0499252062871334,0.8870927732839412,0.8997922738418014,4.0
