interval,Zmax,Zmin,q_value,SelectedNum
0.0,1.0074878732706876,0.950476317136684,0.8369882167858358,2.0
1.0,1.080898470076292,0.8004717127632217,0.7212826180883195,7.0
2.0,1.0123400579486352,0.41802715210564423,1.0453214233661317,4.0
3.0,1.1080948451038342,0.7939293662266581,1.1619310098946865,5.0
4.0,0.19542418305300566,0.12143034055548486,1.046004883615986,4.0
5.0,1.0622096295915155,0.06611513262055803,0.8833366759033826,6.0
6.0,1.0,0.0,0.0,0.0
7.0,1.0497213681481892,0.89266044928377,0.963004904266613,3.0
8.0,1.0199430508500769,0.20905784696629914,0.9874931170538501,5.0
9.0,1.0,0.0,0.0,0.0
10.0,1.0,0.0,0.0,0.0
11.0,1.208847356218517,0.03962924915531197,0.7896707877127768,4.0
12.0,1.0,0.0,0.0,0.0
13.0,1.0735334575757811,0.4042922785101167,0.8935029616653456,4.0
14.0,1.0,0.0,0.0,0.0
15.0,1.0,0.0,0.0,0.0
16.0,0.13952701756973043,0.05013788497904925,1.344100342076036,4.0
17.0,0.6533834602897493,0.047355415131286493,0.9072986664076128,4.0
18.0,1.1145637824011798,0.7803741331799625,0.86863250768779,4.0
19.0,1.1799281197286224,0.14471599101447694,0.8175222055555723,7.0
20.0,0.23961367255818075,0.06421634193934087,1.577040554229204,4.0
21.0,0.48038212641883826,0.18098006821975693,1.487574694506118,4.0
22.0,1.0567692354837246,0.1427692787670222,1.3622616015222946,6.0
23.0,1.0,0.0,0.0,0.0
24.0,1.3207028731802302,0.07781162221752828,0.8369882167858358,2.0
25.0,1.2063015306389764,0.5496681747226331,0.7581883004152015,4.0
26.0,0.07051819932733056,0.04803534105814412,0.8369882167858358,2.0
27.0,0.058680670290016036,0.058680670290016036,-0.0,1.0
28.0,0.1242309404784258,0.035005535902866834,0.8369882167858358,2.0
29.0,1.0249161523720605,0.9859769873297042,0.8369882167858358,2.0
