interval,Zmax,Zmin,q_value,SelectedNum
0.0,0.4026818339169019,0.27362803917878054,0.8369882167858358,2.0
1.0,0.6810171860721136,0.31640656414601215,0.9518521296567648,4.0
2.0,0.7867579918301302,0.27027519459502025,1.3701993475509937,4.0
3.0,1.1223992985688893,0.4301914873834149,0.7516450193727432,4.0
4.0,0.9334446246486836,0.3417459218017759,1.2270824100183602,3.0
5.0,1.169047535015481,0.23886232441675287,1.0559767622148573,5.0
6.0,1.036641257778619,0.5845064394716671,0.6876780082369148,4.0
7.0,0.8208653808171696,0.1866667321125369,1.0901802720884293,4.0
8.0,1.0349777084332599,1.0030512758544885,0.8369882167858358,2.0
9.0,0.9179653713802063,0.4310168167635668,1.1116297373326902,5.0
10.0,1.0276060644811282,0.15917135780313868,1.0463466331115066,4.0
11.0,0.8564583576454871,0.20710260561431645,1.2161178788399052,5.0
12.0,0.26569043674902054,0.15493545362497893,1.2695790843698944,4.0
13.0,1.0,0.0,0.0,0.0
14.0,0.9160951330987642,0.8780733960394812,0.7526384211094083,3.0
15.0,0.9285660024408338,0.2634302415032181,1.0158647068222821,5.0
16.0,0.9809454070870922,0.2760933643177122,0.8377990122498564,4.0
17.0,0.9600442943303436,0.9600442943303436,-0.0,1.0
18.0,1.1586605439196014,0.2706557855091332,0.7819039115372579,5.0
19.0,0.6311546041364462,0.27482888202229083,0.8369882167858358,2.0
20.0,0.3715891517939866,0.2483412518873464,1.2020199531794022,4.0
21.0,0.653566791657825,0.18260466864893637,0.8369882167858358,2.0
22.0,0.8815581824026417,0.17476025641534268,1.3200780654333752,4.0
23.0,0.21151330440806357,0.14217050722158533,0.964239154771239,4.0
24.0,1.0455644338766477,0.27732218557827043,1.1789168182030252,3.0
25.0,0.23085873811529303,0.23085873811529303,-0.0,1.0
26.0,1.0,0.0,0.0,0.0
27.0,1.0554066487768452,0.9157376090907673,0.8369882167858358,2.0
28.0,1.0017415186633898,1.0017415186633898,-0.0,1.0
