interval,Zmax,Zmin,q_value,SelectedNum
0.0,1.0327217284355414,0.7777625919841645,0.8012269576873116,3.0
1.0,0.9429277725283292,0.894965093907184,0.6510355100163474,4.0
2.0,0.9651490442236299,0.9214604623487261,0.9970343220687456,4.0
3.0,1.0607708529495987,0.9776994144341364,1.399333621410187,5.0
4.0,1.0956364010836275,0.825119219568934,0.6156286091406802,6.0
5.0,1.0769601822192727,0.9701904018231066,1.1453232591363356,5.0
6.0,1.097955415135684,0.8592104461062762,0.9881058233673775,7.0
7.0,1.2274267526778075,0.8711883142284177,1.1595611527896001,4.0
8.0,1.14744972540637,0.7128394805717326,0.6526023290974527,8.0
9.0,1.1105989375456946,0.8539613171561546,1.2200014862039388,5.0
10.0,1.031381460840309,0.8648327634851711,0.8956067060161415,4.0
11.0,1.0853561818329711,0.8773747498745474,1.0257869887700914,4.0
12.0,1.0480279095253162,0.8224071301296105,0.860361110237363,6.0
13.0,1.083129748075914,0.9252297826404251,1.2052967203405787,4.0
14.0,1.0794318367287656,0.8508118862253595,0.8798684749989151,6.0
15.0,1.141288348480194,0.8731492609739868,1.2675509021381093,8.0
16.0,1.1010356443049936,0.9063056371958327,0.826194223542723,6.0
17.0,1.1088735791804514,0.9109743196598292,0.9252275649366419,4.0
18.0,1.215035093949576,0.8009680425004778,1.315269846875563,7.0
19.0,1.1316631056468174,0.8841459606914438,0.8413596744082993,5.0
20.0,1.1736694245362023,0.9436981279399524,0.8534969523014766,4.0
21.0,1.1563766673593592,0.8684905324180854,1.1819317228685182,6.0
22.0,1.08549690540285,0.8952718767245684,0.8183615314428438,5.0
23.0,1.0338161503779733,0.8607481574036595,0.8149172398605851,4.0
24.0,1.168232032472626,0.946037239143391,1.0329818191028846,6.0
25.0,1.0344402443769147,0.8522990223984572,0.7358191870740954,3.0
26.0,0.9680935395709954,0.7982403327814126,0.8161269036291904,5.0
27.0,0.9911116489449139,0.8739382254911138,0.7742276453908317,4.0
28.0,1.1087585120500216,0.8868792420921355,1.181529576066553,4.0
29.0,1.0899489528590618,0.8780908153527504,0.8287945897345785,4.0
30.0,1.1190473610549068,0.9722064850205023,1.1581933152245563,3.0
