interval,Zmax,Zmin,q_value,SelectedNum
0.0,1.178607302563083,0.8636260877783104,1.2791902883271409,6.0
1.0,1.1556248800358822,0.8625349682825326,1.028365872609684,9.0
2.0,1.1181326587667664,0.439799837154739,0.5534796579603565,8.0
3.0,1.0283295483341643,0.8515684238883053,0.7474256995170684,11.0
4.0,1.0319308770485163,0.5872570784214571,0.8339395083618424,6.0
5.0,1.0946270658459658,0.08342683301379661,0.689456836186759,8.0
6.0,1.205918206739242,0.954994165690544,1.6093957450763958,10.0
7.0,1.0782954454673042,0.05563627625506511,1.095401893962285,5.0
8.0,1.1955863936806639,0.13136419594420315,0.7119603161178789,4.0
9.0,1.1275548335115562,0.15599857023642752,1.0390927925392863,6.0
10.0,1.0444805160556379,0.20305718458868804,0.5691277648497655,8.0
11.0,0.9958473859510254,0.30309007597197135,0.6912306918207926,4.0
12.0,1.2526466564002592,0.5664985412630652,0.7064836252839852,8.0
13.0,0.959565930730735,0.3483911542293095,0.7530225212349893,4.0
14.0,1.0,0.0,0.0,0.0
15.0,1.171070549478323,0.04751976614340476,0.7553000388758043,6.0
16.0,0.1687556494398495,0.1687556494398495,-0.0,1.0
17.0,1.121187578288765,0.920748963022383,0.8747370262471099,5.0
18.0,0.12232115811559893,0.11995133817649714,0.778551732156144,3.0
19.0,0.44763170840680444,0.17221097083146794,0.7225444397756543,3.0
20.0,0.9606235926830915,0.09291797028203591,0.8148911494293598,3.0
21.0,0.9537921753006011,0.8838923260131543,0.8440042854891913,4.0
22.0,0.02194464824632175,0.018722097340784994,0.8369882167858358,2.0
23.0,0.5051150093221022,0.018613537413379025,0.870216776644023,4.0
24.0,0.6943221437750997,0.020934328244641965,0.8369882167858358,2.0
25.0,0.875027649891153,0.0345513650441336,0.8369882167858358,2.0
26.0,0.9195250821844402,0.10972293622298948,0.7658222358213138,4.0
27.0,1.0,0.0,0.0,0.0
28.0,1.0,0.0,0.0,0.0
29.0,0.855017672785501,0.855017672785501,-0.0,1.0
