interval,Zmax,Zmin,q_value,SelectedNum
0.0,0.9523797344719466,0.7880035319459212,1.0918896173101271,5.0
1.0,0.9963573106468868,0.5582487531481521,1.1083689983308873,4.0
2.0,0.8988835625457774,0.2955277622180438,0.7018314934489963,6.0
3.0,0.9441291664007918,0.32373415961716273,1.0410180206295392,10.0
4.0,0.9003211406811009,0.20517913874725954,0.7857132301633979,5.0
5.0,1.0149600203708067,0.3026409923503174,0.7634450479692142,4.0
6.0,0.3919190498970008,0.31988962091290224,1.0764133954439266,4.0
7.0,0.8831521144364521,0.4667660924595219,1.189965649008622,4.0
8.0,0.8919419457266844,0.4744478482747153,0.8138826149188126,4.0
9.0,0.5336871895248789,0.311733614409418,0.9425934043490537,3.0
10.0,0.45511655582754657,0.08980420505750049,0.7824815726447695,3.0
11.0,1.1267577267330438,0.5032486568462428,0.8213650275480805,6.0
12.0,0.9714796057576404,0.1672712842094453,0.9519978899919426,4.0
13.0,0.210745734206563,0.11160532475882512,1.0900145112699107,4.0
14.0,0.9072471840308381,0.3623521361642017,1.2600001094295945,7.0
15.0,0.29456725363854913,0.14853750841593577,0.7782336681461395,3.0
16.0,0.4663440096720458,0.08573393338541908,0.9515460873650707,4.0
17.0,0.38115346637904696,0.15317189560025288,0.9324755987503807,4.0
18.0,1.1356440291811765,0.14572393103426867,1.4625774032894165,4.0
19.0,1.0158195265090155,0.1906593470096245,0.7010384003318684,4.0
20.0,0.3492374455975303,0.10147986086837131,0.8891054639868947,4.0
21.0,0.9069225376877129,0.19023710976886912,1.089654781910621,4.0
22.0,0.8916756140114319,0.31270692861984506,1.4203600900544493,5.0
23.0,0.21856028475273068,0.21856028475273068,-0.0,1.0
24.0,0.9732604507769219,0.20644425923573242,1.0108842823821562,4.0
25.0,0.8787207066174703,0.20520041553887278,0.9945123228776483,7.0
26.0,0.9693587251128118,0.44991967752687195,0.7453177410238848,4.0
27.0,0.9094870523891083,0.117250381971643,1.032044163344755,4.0
28.0,0.8166875798692753,0.4032441200226429,1.040570081263796,4.0
29.0,0.7981955565913221,0.7981955565913221,-0.0,1.0
