interval,Zmax,Zmin,q_value,SelectedNum
0.0,1.1001515885283626,0.9048836139321874,1.1200838556835981,3.0
1.0,1.2875763925450794,0.8346939780812679,1.4055855838332165,7.0
2.0,1.0361074334803373,0.17058716400816518,0.6341867884351313,5.0
3.0,1.0741710570315208,0.2033894507318813,0.7984225948383598,7.0
4.0,1.0725900432084277,0.2746257825145734,0.8841315011007671,6.0
5.0,1.098326521977035,0.7900690469666309,0.9464995494353643,4.0
6.0,1.1879051918396175,0.24205272724335428,1.604076590974987,6.0
7.0,0.1503021199454279,0.11117291425014648,0.7195675666568756,3.0
8.0,0.763538436902813,0.18184973849247893,1.2911234474136737,7.0
9.0,0.20938599749514644,0.14925944995572768,0.7377950056614728,4.0
10.0,1.0276746386458022,0.2914134930059734,1.707796050336374,7.0
11.0,1.1239794713245257,0.08480418405025637,0.7176068763807866,4.0
12.0,1.1105661144592536,0.06567210365005122,0.8369882167858358,2.0
13.0,1.0494145466973208,0.1526994777361555,1.4240761261007024,5.0
14.0,1.0,0.0,0.0,0.0
15.0,1.0663967005772752,0.770553178390955,0.7689875085581749,3.0
16.0,0.2048133462781914,0.0989780521616815,1.551070597084351,4.0
17.0,0.9352204827737957,0.15994245516253613,0.8369882167858358,2.0
18.0,0.8567649781830323,0.23759395452332627,1.1683824984144964,4.0
19.0,1.0,0.0,0.0,0.0
20.0,1.0863338291345361,0.9117444099788207,1.1404644880294024,4.0
21.0,0.5819563854612712,0.08533104163694498,1.2768387218115875,4.0
22.0,1.2383631029739934,0.25824141527815786,1.3689123302326636,6.0
23.0,0.19305314893568648,0.15932530414610505,0.9936949070685502,5.0
24.0,1.0,0.0,0.0,0.0
25.0,0.2603001662270287,0.02744839118885804,1.0740258519631052,4.0
26.0,0.7812169920137981,0.1860886598946993,1.2201389305923458,4.0
