interval,Zmax,Zmin,q_value,SelectedNum
0.0,0.9938877953876111,0.055311875233145374,1.0518821176860695,4.0
1.0,1.188905661274553,0.9337801925350341,1.1915974420990698,6.0
2.0,0.9847596337622518,0.07732455983356185,1.2295757693204628,4.0
3.0,1.1727038183568868,0.6408263576443622,1.0741580605830832,4.0
4.0,1.177886819234279,0.08473274420809507,0.8588909752454112,6.0
5.0,0.9557725003612086,0.8721461739184706,0.8369882167858358,2.0
6.0,1.0284657659901022,0.20569195115262873,0.7657605942499466,4.0
7.0,1.0414050890936513,0.0688426384131885,1.0843971729341493,4.0
8.0,1.0749781161169214,0.0745659597615111,1.5887708270833572,4.0
9.0,1.1377773545594712,0.10292849675277262,0.5397842291436097,7.0
10.0,1.058907288265465,0.05178841232201463,1.0996259124461234,4.0
11.0,1.1915209986880164,0.0646164640545869,0.8734993807612604,7.0
12.0,1.2419211697804295,0.09408325873252593,1.0715628622036146,5.0
13.0,1.0650323192196764,0.08402200809430699,1.254999203354911,6.0
14.0,1.162680146489943,0.05732994307389029,0.9527313674812602,6.0
15.0,1.0571646770722336,0.8834940402896381,0.8369882167858358,2.0
16.0,1.2015087858507152,0.8683813512984149,1.4846840276866784,4.0
17.0,1.0532010934731844,0.05667550421367672,1.138487861771852,4.0
18.0,0.043915178515071304,0.0435011543745945,0.8369882167858358,2.0
19.0,1.0415808572602956,0.07216020891947422,1.1175073791158872,4.0
20.0,1.1843315006470474,0.05088677345812727,1.0120230439903457,5.0
21.0,1.0650380861281417,0.06490833627221311,0.5782092584956673,6.0
22.0,1.0,0.0,0.0,0.0
23.0,1.1432373627901207,0.7370324563892865,0.8365901339172691,4.0
24.0,0.968280368229645,0.03358488486293394,1.003823020831291,4.0
25.0,1.0,0.0,0.0,0.0
26.0,1.0,0.0,0.0,0.0
27.0,1.3611291084791541,0.09000110179807182,0.8091715862595366,4.0
28.0,1.08648126037042,0.9055575952063619,0.8369882167858358,2.0
