interval,Zmax,Zmin,q_value,SelectedNum
0.0,1.1115579929099653,0.7309930308375281,0.7967235759803238,5.0
1.0,1.0837274320353887,0.7582295218764077,0.9253621902346839,4.0
2.0,0.9023420305850954,0.8538434700257762,0.7543745240364118,4.0
3.0,1.1985525587527401,0.822938355536432,1.014995222149164,4.0
4.0,1.0792236979944685,0.05390710493578853,0.7442265497460194,4.0
5.0,1.1431779846215875,0.7825331525420003,1.2300605562908278,7.0
6.0,1.189928529545365,0.8022817040614993,1.335449900232597,7.0
7.0,0.9844563637171078,0.163892968876002,0.5670222438151147,8.0
8.0,1.3809545608602516,0.6817853497792814,1.1660363039757562,3.0
9.0,1.198363520739043,0.718795790969484,1.4008298884407462,9.0
10.0,1.1871571804921945,0.7772307999031682,1.2998809004819945,6.0
11.0,1.124456243944836,0.6097102842926315,0.7875038022364038,4.0
12.0,0.8858309649223154,0.850836328861422,0.8369882167858358,2.0
13.0,1.2563575730119048,0.9089392743325507,1.3242968083850915,4.0
14.0,1.0189383582163762,0.12915877326252354,0.9015920980421637,4.0
15.0,1.2466936912773054,0.8881581698282984,1.015477431096446,4.0
16.0,1.4037440744731897,0.6554526546099162,0.931157813244229,4.0
17.0,1.2923189023794286,0.8330055953724799,0.9968864376998461,4.0
18.0,1.0051434867480247,0.670100648583987,0.7758717645932799,6.0
19.0,1.0,0.0,0.0,0.0
20.0,1.1006537636148592,0.7984552628409664,1.2102366129848066,4.0
21.0,1.113242160542144,0.7933296263375863,0.8628769128488992,3.0
22.0,1.019166728752565,0.8469421945816423,0.7583711929409077,4.0
23.0,1.4249128480706508,0.7575268594178302,1.1748607055482987,4.0
24.0,1.1729771532353048,0.04513188222081611,0.572497698032263,6.0
25.0,0.8408355987194247,0.8408355987194247,-0.0,1.0
26.0,1.0,0.0,0.0,0.0
27.0,1.1339217581942402,0.503621948576858,0.7477859671528222,4.0
28.0,1.151622892053152,0.7256839270230928,1.1778396228793406,4.0
29.0,1.0332564118830008,0.7305741963480643,0.8996757525990347,4.0
30.0,1.0236354192430572,0.6375335052037164,0.7515690988971814,3.0
