interval,Zmax,Zmin,q_value,SelectedNum
0.0,0.9608440876966926,0.2042015251018461,1.3147851677756504,7.0
1.0,0.25824758531976594,0.21896795743433864,1.0544847549812664,4.0
2.0,1.0850353010949159,0.21168326439923282,1.5555207824557844,7.0
3.0,0.5968865304908633,0.19929407102416896,1.5869756929266685,8.0
4.0,0.9432069189889335,0.18081787092541193,1.4084287964975142,6.0
5.0,0.9910972301665952,0.2038825201907077,1.276262236690303,9.0
6.0,1.0606200767896052,0.19112130579417072,1.2043017805259408,9.0
7.0,0.6111735405961096,0.22146804511134233,1.6053658527191454,7.0
8.0,0.9295594688911507,0.19946448629901975,0.8938399252628036,6.0
9.0,0.24653314794936296,0.19948025083178408,0.839431289059209,5.0
10.0,0.7032227621991292,0.20039996744052802,1.1508267755825325,6.0
11.0,0.6251044617275198,0.2226019982232285,1.7413215363024612,6.0
12.0,0.9565396614101348,0.19906310654464604,1.5415595099345885,10.0
13.0,1.1282094347929872,0.2126039459572324,1.0870243446251606,10.0
14.0,0.3149770199462106,0.2109034948310031,1.8007773670010794,6.0
15.0,1.0553180743903865,0.10937658964977116,1.361408635633974,6.0
16.0,0.294383816862551,0.18781261992248194,0.6795982599501981,4.0
17.0,0.26298842992170784,0.19647286309242254,0.6603619565119602,6.0
18.0,0.6104027685148362,0.20224349892250126,1.2204181056219623,6.0
19.0,1.261050366524533,0.196694942330628,1.7012769999938502,5.0
20.0,0.9551758261361235,0.22508680577539253,1.2017735824368232,7.0
21.0,0.3720676668175664,0.19766481148226694,0.9096065047335125,8.0
22.0,0.24453106096040272,0.18156903066911909,0.6615317102163923,6.0
23.0,1.1288196537858812,0.1392766379212021,1.821281010664401,6.0
24.0,1.0973002066793893,0.18612728979313464,1.4086645278510592,4.0
25.0,0.3153331899537793,0.22517190293521072,0.6302443355150803,4.0
26.0,1.087509023047133,1.0242271468784794,0.8369882167858358,2.0
27.0,0.4318306055503101,0.291536206271844,0.6535631466194739,4.0
28.0,0.2808032355569734,0.2808032355569734,-0.0,1.0
29.0,0.4130087748793657,0.3995995517026756,0.8369882167858358,2.0
