interval,Zmax,Zmin,q_value,SelectedNum
0.0,1.0402177122378227,0.26945289672765554,0.7434840237496045,3.0
1.0,0.9831875897441793,0.18092114478904403,1.3305930755310205,4.0
2.0,0.26526597688386583,0.18762512520144647,1.1703360565948437,4.0
3.0,1.1049212124561765,0.26644107780391474,1.1175779859733366,4.0
4.0,0.31240706184545364,0.20499279596580167,1.0791545345793123,4.0
5.0,0.999863381951344,0.21184668348799984,0.687520851738357,4.0
6.0,0.2308563554616196,0.21382941502807087,0.9981920418711127,4.0
7.0,0.36070731487672236,0.26498448459523843,1.1261166612132505,4.0
8.0,1.0356750226553346,0.1822765732769826,1.7948166225825346,5.0
9.0,1.0665326513115496,0.22613733646295603,0.881335211286003,4.0
10.0,0.28491869472286335,0.18872208869321241,0.9239249182357228,4.0
11.0,1.1812820868888336,0.1854909586684325,1.229001874220316,7.0
12.0,1.0119298172204423,0.14267502160729933,1.6157328933065913,5.0
13.0,1.1625345921450385,0.18287205927252936,1.6684219198765973,5.0
14.0,1.1552383374094588,0.20075311960944964,1.1028167965414704,8.0
15.0,1.0505879914241747,0.27157019644315894,1.1684629283706127,5.0
16.0,1.1577315703515845,0.251864096031153,1.8951401455823458,6.0
17.0,1.0493057874824379,0.19962365210475116,1.0067407666848398,4.0
18.0,0.665565764070839,0.22695703326097524,1.1129504209747736,4.0
19.0,0.2934929290282432,0.21099288743854122,0.8867601351243297,4.0
20.0,1.0811119267727802,0.19524483668429585,1.4516277007483578,5.0
21.0,1.0071598243116728,0.18277915915577578,0.6318725730423895,5.0
22.0,1.0272849118602962,0.15574427217984715,1.0132567689971974,4.0
23.0,1.0759712638810945,0.12769420002895168,0.8910297542709463,5.0
24.0,1.2765391929341745,0.44956387569140244,0.7432250826198032,4.0
25.0,0.03731676036803439,0.02789627831877784,1.2380703323998332,4.0
26.0,1.0150915023231508,0.24602632637444366,0.7218586732393643,3.0
27.0,1.09410249210646,0.18635561575720222,0.6943464268454944,4.0
28.0,0.2250509450321796,0.19944210716691535,1.1150513199658,3.0
