interval,Zmax,Zmin,q_value,SelectedNum
0.0,1.062749250787308,0.8413681424770398,0.7309269868315555,4.0
1.0,1.064150424946582,0.21045392524780054,1.4508314829636224,4.0
2.0,1.0865220823993742,0.21469483614279603,0.6648662308770453,4.0
3.0,0.9893838405482408,0.14414653818981718,1.3716842605049508,10.0
4.0,1.1024786022619757,0.199071958387347,0.6579132885237714,4.0
5.0,1.051151514911982,0.34006841484815387,0.6561017678451102,5.0
6.0,0.9506267738668139,0.8563682622565922,0.8369882167858358,2.0
7.0,1.2857092213458696,0.24575344118083586,0.8098741922074535,4.0
8.0,0.702613649579647,0.21666356273664236,1.3624336553539855,7.0
9.0,0.9592144798908727,0.15415270751512952,0.9625799743384743,4.0
10.0,1.1044518862696444,0.19941747558354164,0.6282381862511156,6.0
11.0,1.0,0.0,0.0,0.0
12.0,1.0410638081929842,0.1302938845948767,1.0427337589945325,6.0
13.0,1.0,0.0,0.0,0.0
14.0,1.0,0.0,0.0,0.0
15.0,1.0889005013918895,0.1321427521068412,0.6526415906177999,4.0
16.0,0.08181013936516189,0.06531419193878885,1.118064051200961,4.0
17.0,0.603088755980904,0.20893949545583962,0.6971024328014507,4.0
18.0,0.2544801660821286,0.06681710527206738,1.4117596302560753,4.0
19.0,0.06858146787622299,0.058269251929725575,0.7257839970071606,3.0
20.0,0.9478665535509951,0.23284753493872387,0.7475775047404067,4.0
21.0,0.13569821262136122,0.08340035571183634,0.6852327588950833,4.0
22.0,0.6149109593372013,0.2975822069204608,1.1850461196906044,4.0
23.0,0.09136899568696268,0.09136899568696268,-0.0,1.0
24.0,1.0,0.0,0.0,0.0
25.0,1.0,0.0,0.0,0.0
26.0,0.09715129611052623,0.09652788305815901,0.8369882167858358,2.0
27.0,0.07934985995976124,0.06443050650017183,1.2093232789970414,3.0
28.0,0.0674114161829427,0.05103151189652104,1.252142531270061,3.0
29.0,0.09242771380525189,0.08176886846690819,1.194040871148693,4.0
30.0,0.3182517384465953,0.31137762280734355,1.1539362894822796,3.0
