interval,Zmax,Zmin,q_value,SelectedNum
0.0,0.9544669966655679,0.18403278866916767,1.1280277139068695,4.0
1.0,1.055403183744368,0.1375587051303497,1.4752752369098674,4.0
2.0,0.1921233732889112,0.15431788683890763,0.9649996804894408,3.0
3.0,1.121741229514806,0.15269037813461064,0.6953672384356068,4.0
4.0,1.0477179342116711,0.1571992554841108,1.1558608912766242,5.0
5.0,0.29261991218208194,0.12101861780659143,1.0450300078634356,6.0
6.0,0.9982522223568131,0.1741395196025249,1.4587014250658061,7.0
7.0,1.0341824960133408,0.20793613938624883,0.8233415042321098,5.0
8.0,0.9935541773395424,0.20638131013246175,0.6278757368079763,4.0
9.0,1.0229330080518881,0.16145867651897008,0.904878362269024,9.0
10.0,1.1183187645553196,0.15119900527722005,1.5460902199714899,8.0
11.0,1.2479140715301282,0.14067017276971344,1.0498843216378242,8.0
12.0,0.9235703481588403,0.88693145003601,0.876539041495914,4.0
13.0,0.9824030090707503,0.16409477307362183,1.0778288365790636,9.0
14.0,1.0058604144571763,0.8748250490642283,0.7910958485444962,7.0
15.0,1.0595355968223223,0.20518326160975364,1.125290862814684,4.0
16.0,0.582832322912445,0.104357908012142,1.2435945372030215,5.0
17.0,0.21340295619415842,0.09564198457199607,0.8927453307054662,4.0
18.0,1.0,0.0,0.0,0.0
19.0,1.0841469108121695,0.026064765115303423,1.2975349855673575,6.0
20.0,1.0374415121457503,0.13839440402902042,1.4494474173870646,8.0
21.0,0.3001925879607907,0.07856113232717511,1.466815252294823,7.0
22.0,0.15165243540115889,0.11940216029389307,0.954249342779329,4.0
23.0,1.0,0.0,0.0,0.0
24.0,1.0,0.0,0.0,0.0
25.0,1.0102252757049823,0.14713053048895167,0.9943990061030461,6.0
26.0,0.2737789495612409,0.269218317418639,1.0731445126216628,3.0
27.0,0.8956459336872887,0.5309581371147839,0.9955085374684296,4.0
