interval,Zmax,Zmin,q_value,SelectedNum
0.0,1.0009076223696056,0.947954248888398,0.7497261093798212,3.0
1.0,0.5562781782851095,0.3915924348040178,1.0824619949800243,6.0
2.0,0.6809300619303312,0.33686231024863267,1.1800736690412865,6.0
3.0,0.6803575147038046,0.3792146296782416,1.7396008855647294,8.0
4.0,0.9041660563260439,0.2672494412037919,0.8882081457810505,8.0
5.0,0.46151582462428764,0.371826655242304,0.8625209418323513,10.0
6.0,0.3932936762487946,0.282854049946504,0.5380977101484932,6.0
7.0,0.38949365125241797,0.18753168727287972,0.8762568937109045,4.0
8.0,0.43409646959888076,0.3889763888986885,0.785298048042438,9.0
9.0,1.0157192191904212,0.4446741422914437,1.4070537786239954,7.0
10.0,1.1041808466662826,0.31483924386788603,1.2185663046023836,11.0
11.0,0.5994905930467386,0.25733308326844817,1.3978184325461358,4.0
12.0,0.3786175135199145,0.19347988832002505,0.834974793396059,8.0
13.0,0.9973410455197592,0.14791876055581069,1.1143133624518788,4.0
14.0,0.4238528629450534,0.16041856369550908,1.045861136006365,6.0
15.0,1.0483720008960886,0.4052339980415747,1.0338346984352644,4.0
16.0,0.6564406945475544,0.1365090292659679,1.0925355214048789,7.0
17.0,0.5860411400528158,0.3746834740348361,1.0188116866432981,6.0
18.0,0.3144551393586598,0.0998467775654045,1.1340555558939616,4.0
19.0,0.5874760983314891,0.14120332844038383,1.4060933663906066,11.0
20.0,0.9823719204044115,0.3130878915685511,1.5090368639640952,8.0
21.0,0.7370186470249315,0.3919058224434263,1.5259992827876172,6.0
22.0,1.0893695358980995,0.48425256034732056,0.9646857449267443,5.0
23.0,0.5910960915356437,0.4020531660323773,1.4436634203247924,9.0
24.0,1.0412229302692453,0.4277206711715517,2.169219825977994,7.0
25.0,0.9872855028039615,0.9872855028039615,-0.0,1.0
26.0,0.7664966607247891,0.38214743980160987,1.0384194654173085,5.0
27.0,0.3396642301887124,0.3396642301887124,-0.0,1.0
28.0,0.4831945692945201,0.3938562011880879,1.2756777154093395,6.0
29.0,0.41036070259688584,0.3787348900123559,1.531270009785656,4.0
30.0,0.9629744378196702,0.9629744378196702,-0.0,1.0
