interval,Zmax,Zmin,q_value,SelectedNum
0.0,0.9926205701590051,0.8657162484075069,0.8172425025590323,3.0
1.0,1.0650543924147198,0.2288334023566186,1.2822461474818514,6.0
2.0,0.5929282552581171,0.24235215401985483,0.855567513352538,6.0
3.0,1.046534834206903,0.33664762580145113,1.5220074586458956,8.0
4.0,1.1613031850710203,0.5578196614301966,1.1217152973534072,6.0
5.0,1.010919674963454,0.2089550406195029,0.8484171873903597,6.0
6.0,1.023341725624379,0.29032689906320247,0.8495454894883503,8.0
7.0,1.0349045360455833,0.26793339216005585,1.822715246751778,5.0
8.0,0.7357290695515225,0.36413226748486144,1.1470579977904034,6.0
9.0,0.9764350661848454,0.7199766456845397,0.6911620331096714,9.0
10.0,1.0214337753677771,0.2127558819791545,0.9219254251741953,5.0
11.0,1.0402887297695056,0.20191976419363714,1.5774639402978092,7.0
12.0,0.9825122211231807,0.3160497554207575,1.078946255264615,5.0
13.0,1.1495604938597679,0.20424454394234812,1.5065679243517727,7.0
14.0,1.1675312387126053,0.3880454496618404,0.7717400249163449,7.0
15.0,1.0629241095474973,0.22716652516981273,1.3240415775131447,4.0
16.0,1.1376100392780308,0.8220029249334013,0.9407328931131476,4.0
17.0,1.0118143169218632,0.2524246051489809,0.9848785526304146,6.0
18.0,1.0658955838852757,0.38067565408791626,1.2853833240172816,6.0
19.0,1.1014340739782689,0.27730583383524515,0.7791960725042566,6.0
20.0,0.8334634442532445,0.33295882103176533,1.441369786608687,4.0
21.0,1.2686752021782952,0.2725059963780628,0.8087782362032003,6.0
22.0,1.0441917835369687,0.25652423678526987,0.701863764847655,4.0
23.0,0.918528006229334,0.6131164760220781,1.2620674892790829,4.0
24.0,0.9748948209120235,0.2577746493353488,1.24214513976383,4.0
25.0,1.0380285322783005,0.3289304089331304,0.4858170365635527,8.0
26.0,1.0596281979859412,0.30094735519209476,0.6936474386473187,4.0
27.0,1.098989441152088,1.0169092931609744,1.0159115333657511,4.0
28.0,1.0541611137907163,0.3464598053264034,0.740622568995385,4.0
29.0,0.9150786438702093,0.18591320140339435,1.0990181990958319,4.0
30.0,0.9606081397396578,0.9453976742477065,0.8723399803281794,3.0
