interval,Zmax,Zmin,q_value,SelectedNum
0.0,1.1583029941747776,0.878406541489606,1.1824992324819794,4.0
1.0,1.1513820935308783,0.7366289797536785,0.9885327073049146,7.0
2.0,1.0211788448968875,0.9547018827297079,0.966701908361197,6.0
3.0,1.1793273973313212,0.83559467869174,1.1361631446233382,9.0
4.0,1.0687022379488889,0.881008076650958,0.8666774247545065,9.0
5.0,0.9727442968710359,0.8919900425845728,0.738536803353925,4.0
6.0,1.1858672632276746,0.8219158806419825,1.257294856903554,7.0
7.0,1.0838956618166948,0.8944174193374241,0.7625909374436483,5.0
8.0,1.128939728394952,0.8428342331022877,0.8710759858056136,8.0
9.0,1.092253922687071,0.8093131933358271,1.0829126441711163,10.0
10.0,1.1071122608004123,0.8802067051132711,1.106894151556205,8.0
11.0,1.0066988753513346,0.852059945453932,0.7322472995335886,6.0
12.0,1.1228539879289512,0.7240513414988358,0.7342418750604789,8.0
13.0,1.122412075631244,0.8405136857138816,1.4721115798074798,9.0
14.0,0.9981704947625799,0.9133088816704718,1.1412469039518618,4.0
15.0,1.09287199813734,0.926765480485017,0.9270498602736065,7.0
16.0,1.1788423731855304,0.7413513442470335,1.2952975905948712,4.0
17.0,0.1264921363503158,0.053147804709001566,1.1856836952278764,3.0
18.0,0.9551440243414066,0.9266763774511253,1.179968425640077,4.0
19.0,1.0746170777774675,0.879714526047832,1.3007787829627588,8.0
20.0,0.9998121287719681,0.0554359622054723,0.9858997260203007,4.0
21.0,0.859355082460547,0.5146566586620954,0.7854819388757966,4.0
22.0,0.12872884099284426,0.12872884099284426,-0.0,1.0
23.0,0.9910185980163257,0.014750439208772668,1.1116923924774456,4.0
24.0,1.0911744803626997,0.8646682228620504,1.1450177344640848,5.0
25.0,1.1592538215953456,0.7861239707223776,0.9222037554910886,4.0
26.0,0.14464618192036247,0.13802080969596114,0.8369882167858358,2.0
27.0,0.736542271077864,0.736542271077864,-0.0,1.0
28.0,0.9580338183024294,0.05427872820088108,1.106658457262299,4.0
29.0,1.067978420824533,0.06081458197360827,0.4488171572588606,10.0
