interval,Zmax,Zmin,q_value,SelectedNum
0,1,0,0,0
1.0,0.9790987387526567,0.24969834175709293,1.0937073195467852,4.0
2.0,1.0502224856348112,0.2349574980751182,1.7613587389483787,6.0
3.0,1.0566474680730973,0.23554829194709595,1.3300872792125424,6.0
4.0,0.39571944153586097,0.2475539536312111,0.7319872937828918,6.0
5.0,0.8995211079445651,0.2489806919472228,1.315554148009108,4.0
6.0,0.8898327509072868,0.1566619298754084,1.6081269237573572,6.0
7.0,0.5745797463531306,0.3811102692791543,0.797694434326107,4.0
8.0,1.0029517793030274,0.2836475174243599,1.0618088523226383,6.0
9.0,0.9687873326575108,0.23985478017946407,1.0637193810904109,4.0
10.0,0.4650676003996764,0.30203176631506,0.8097420743827763,4.0
11.0,0.9517684574076702,0.28276332543636784,1.323088139912583,7.0
12.0,1.2900403464371584,0.17954303325048587,1.759950897019493,8.0
13.0,1.0339642916715712,0.2504554948312314,1.040370920551796,4.0
14.0,0.9781901381366146,0.23155310845207475,1.1567691280875982,6.0
15.0,0.3212672691758951,0.12663921002551354,1.3859745241355357,5.0
16.0,0.9728490173230594,0.9728490173230594,-0.0,1.0
17.0,0.5301790341075558,0.22803018646181403,1.0764267685038287,4.0
18.0,1.2584643279025605,0.1113842338906556,1.8446132151542967,7.0
19.0,0.7517379566531076,0.7517379566531076,-0.0,1.0
20.0,0.8232929800087039,0.18238223404253331,1.1943086500866833,6.0
21.0,0.1774835979122373,0.12163194037207253,1.0578300757188706,4.0
22.0,0.9893323646021438,0.23788941832739124,0.9476765266694691,4.0
23.0,1.1618641389848992,0.13960926083363,1.6516482030693698,6.0
24,1,0,0,0
25.0,0.04155538144614077,0.03913210885295754,0.7190016881496438,3.0
26.0,0.9790439630732687,0.026560631317163103,1.254414424728292,3.0
27.0,1.0344174161056956,0.4810258235915359,0.832842359058222,4.0
28.0,1.0756461302955684,0.9067247895233568,0.8369882167858358,2.0
29.0,0.26765953433138623,0.2591599013501776,0.8726191122830884,4.0
30.0,0.7302988922234884,0.2846064082462453,0.8369882167858358,2.0
