interval,Zmax,Zmin,q_value,SelectedNum
0.0,0.9770339567554215,0.8833860593246985,0.766886972958181,3.0
1.0,1.0886384612029136,0.8288841774031597,1.107125744986727,5.0
2.0,1.0526988580698935,0.759052876972698,1.0317307540428906,7.0
3.0,1.1244697568645543,0.5187135379518298,0.8925358575196922,12.0
4.0,1.1249083192794318,0.41309680921839026,1.0655323924117541,7.0
5.0,1.1383227867286174,0.7652414435061597,1.1001256284288417,8.0
6.0,1.1312595356087063,0.6516074342921131,1.0599319733414918,11.0
7.0,1.0722953668054365,0.8498020690015456,1.1484875525108904,5.0
8.0,1.0307925508408957,0.8240258580073055,1.1757794547808151,9.0
9.0,1.1265502110198968,0.7158791962275667,1.1849813613611162,10.0
10.0,0.9563957501414289,0.5134725572507479,0.7062262675182532,11.0
11.0,0.9822590304579694,0.8121503266717494,1.1643036014406138,5.0
12.0,0.98706814538139,0.7799456548459472,0.6661091880853698,8.0
13.0,1.1479225255406105,0.7073007508062491,1.2411467209256342,12.0
14.0,1.1162796030663882,0.6184515963623382,1.2670357984789005,8.0
15.0,1.1141395228419928,0.6148072335921889,0.9375893193275895,9.0
16.0,1.037947537751874,0.788265169647439,0.9792599249839681,5.0
17.0,1.1082778550740657,0.7032810557283219,0.9241339363736761,12.0
18.0,0.8909394509566362,0.7657676494480317,1.223493029084782,10.0
19.0,1.0105982590912022,0.5235089297888935,0.5503546796484684,9.0
20.0,0.9863590639193854,0.8021329057264803,0.8077701270539553,7.0
21.0,1.1614643590658702,0.7165298604440075,1.616296895393447,12.0
22.0,1.0008356267239487,0.7815243581117282,0.7677745494488862,6.0
23.0,1.1607380563556797,0.49504996062637713,0.8322070889466807,12.0
24.0,1.1971501773312727,0.7053651505783791,1.2020186552951455,7.0
25.0,1.105252254054911,0.7833141130843534,1.2785395788530312,10.0
26.0,1.1045634889819105,0.4423904736135755,0.8140671826655689,7.0
27.0,0.9929670507126475,0.5340883101254097,1.0657760599189257,4.0
28.0,1.0202954290322943,0.8828765658413447,0.9723097031261373,3.0
29.0,1.036221653297162,0.8632591681173651,0.8369882167858358,2.0
30.0,0.9513098273835732,0.9513098273835732,-0.0,1.0
