interval,Zmax,Zmin,q_value,SelectedNum
0.0,1.0103620728835685,0.24705138489416148,1.1871390384118783,5.0
1.0,0.8714230698161476,0.26298282166105763,1.2885891481946443,5.0
2.0,1.0496824026322686,0.23772905305282002,0.9688443970247015,6.0
3.0,0.9638409062942336,0.22887223636914816,1.534581821503157,5.0
4.0,1.0899349938618483,0.2629474415745921,1.1404802974634713,5.0
5.0,1.0481083955866248,0.2935345695360357,0.6065508942611797,6.0
6.0,0.9814465367030598,0.2846926578291611,1.0163639287555462,8.0
7.0,0.9389243167120237,0.22359229438879044,0.8182228475957908,5.0
8.0,0.8815109288722032,0.2419859242334378,1.4005183293417305,5.0
9.0,1.0340234442596425,0.2656013980624801,1.2649545701982248,5.0
10.0,0.9838222296189333,0.24350175044830621,1.1717288641607957,5.0
11.0,0.5162469109167759,0.2759460857085284,1.289318375782487,4.0
12.0,1.019442766940503,0.401469446360641,0.7741061162716201,6.0
13.0,1.0430976464867607,0.30859788338638783,1.4036078302291504,4.0
14.0,1.075174743716643,0.3746936848243376,0.7693651830286207,5.0
15.0,0.8094767913393882,0.2162020167104872,1.1801610597146024,6.0
16.0,0.8931272965832592,0.28662598224190033,1.4791146725442406,5.0
17.0,1.0132376285698008,0.2793282560453387,0.5815870579379288,5.0
18.0,0.9903716481182071,0.25785172732719625,1.4806127120352173,6.0
19.0,0.9630405081019706,0.3575056573299006,1.0950276766839344,6.0
20.0,0.7894704048255016,0.2330717131737181,1.2694961198894945,7.0
21.0,1.0086312557326726,0.2369296170906424,1.573685660346857,4.0
22.0,1.0391370341396784,0.23981651595577608,1.1612830066505566,4.0
23.0,0.838670533413702,0.3939332108605706,1.2768421928848572,4.0
