interval,Zmax,Zmin,q_value,SelectedNum
0.0,0.46086369106126635,0.29501810793437905,0.8480050270952905,3.0
1.0,0.49086342846940073,0.3081691368961672,1.0000150776856755,5.0
2.0,1.0678283317930415,0.24425121262165903,1.5033923800576534,4.0
3.0,1.0925085977835003,0.07982965721399772,1.2793851561934606,6.0
4.0,0.3970863198892793,0.067237554702614,1.107864193589925,4.0
5.0,0.37523784280260025,0.15716856692111994,0.8453060297014938,4.0
6.0,0.3979346803470811,0.2830666620639829,1.1587279518387277,4.0
7.0,0.9464134376966247,0.22936992464840342,0.8253189664308505,4.0
8.0,1.0472977282671108,0.2855370091390537,0.8245720049985763,7.0
9.0,0.4704063771874134,0.1798880751432451,1.1841960229607607,4.0
10.0,0.3028865191732012,0.14619095990169384,0.8369882167858358,2.0
11.0,1.0074069724637686,0.4692580796400184,0.8610033006125289,4.0
12.0,0.41963328545650314,0.09876885036757634,1.4181609410979825,4.0
13.0,0.07230894534226787,0.07230894534226787,-0.0,1.0
14.0,1.0,0.0,0.0,0.0
15.0,0.8065769200544527,0.7825782355809717,0.8369882167858358,2.0
16.0,0.06498642401416056,0.053272958010993264,1.3667910428017773,4.0
17.0,1.0,0.0,0.0,0.0
18.0,1.0544581329082197,0.14357033127690053,0.7549389178627337,4.0
19.0,0.046467779728931735,0.046467779728931735,-0.0,1.0
20.0,0.4605094255274855,0.038754676143184175,1.02991630900867,3.0
21.0,1.0394889735788806,0.2006080860366137,1.1127875060854917,4.0
22.0,0.05874349318367665,0.05874349318367665,-0.0,1.0
23.0,0.44584874137668584,0.12846028827067138,1.542964486645701,4.0
24.0,0.05070300023297725,0.05057621946499278,1.2465015976005018,3.0
25.0,1.0,0.0,0.0,0.0
26.0,0.07627090852955665,0.030187741268813417,1.2409586812223896,3.0
27.0,0.9821787473756542,0.8643782626699198,1.0772281855482453,4.0
28.0,0.0527747617089107,0.05094592919756182,0.8888550998773515,4.0
29.0,1.0377696865745933,0.0740069983971231,1.1078850443629065,4.0
30.0,0.08150584332499633,0.07108168463250025,0.978431995714803,3.0
