interval,Zmax,Zmin,q_value,SelectedNum
0.0,1.0431973470386227,0.877866161106131,1.112777256269121,3.0
1.0,0.9593450330385356,0.20726377538547056,1.018421170180111,9.0
2.0,1.0029023334971099,0.266699676729491,0.8448719791437985,6.0
3.0,1.1267949293835813,0.18706921505234894,1.1703725701800451,14.0
4.0,0.7069062201761602,0.16484692696996314,1.0380986893041821,7.0
5.0,0.9227264225872528,0.20025691189352676,0.9286658588011716,9.0
6.0,1.1284991637651176,0.20299329098674326,1.2247160593770186,12.0
7.0,1.1711073730855128,0.4198946991027949,1.0951414255167835,11.0
8.0,1.020318487822078,0.21947207132849675,1.7356334445198958,10.0
9.0,1.0874175551561827,0.16944980538302118,1.084755872291012,4.0
10.0,0.8811660937685769,0.2951551313036658,1.2741713841298175,5.0
11.0,1.056385833351142,0.21245294288776873,1.534308145961276,4.0
12.0,0.8379345412928345,0.21323000568884617,1.7997497220729821,9.0
13.0,0.7000183306216587,0.20542293851645482,1.5313169709264698,11.0
14.0,1.09383727226273,0.20439602203458743,1.2838982191087982,6.0
15.0,0.7709938058410128,0.16962759700860242,1.9611969392255297,11.0
16.0,1.02554857757565,0.23860695941780913,1.562003172513739,12.0
17.0,1.0,0.0,0.0,0.0
18.0,1.02335826155937,0.10602277808096365,1.8281820864969174,9.0
19.0,1.218286637705331,0.22935326347752527,1.3002893082955518,12.0
20.0,0.3906999059543886,0.17291827544194244,0.9157613322774305,4.0
21.0,1.0730369402655893,0.20353820340662715,1.457894480224307,6.0
22.0,0.2463371598782657,0.24529818461216688,1.0926917949066994,4.0
23.0,0.7762922411989971,0.2289787878128412,1.7597618226325138,8.0
24.0,1.0582443445679683,0.19009734438655176,1.192415026290548,8.0
25.0,0.4536332074824347,0.34128968793327186,1.0809931741378391,4.0
26.0,0.21162824192497354,0.10709113132415328,0.7488786957851209,3.0
27.0,0.2746512649399248,0.119728607898392,0.6328736738215845,4.0
28.0,0.55210467575486,0.32114422114486807,1.5787750308398736,9.0
29.0,1.06310505983434,0.4083248435213865,1.1353353621045048,4.0
