interval,Zmax,Zmin,q_value,SelectedNum
0.0,0.4352705066553381,0.23825643377788244,0.9242209594168052,4.0
1.0,0.9161666156174878,0.2537403615658944,1.247996054963708,4.0
2.0,0.5373020693513876,0.20655314085079832,1.116580953543933,5.0
3.0,1.119973593985707,0.6061285343760202,1.1791399495389132,5.0
4.0,0.3463397419271874,0.1687424968937999,0.6487325664973332,4.0
5.0,0.41981740446079036,0.15756726021020367,1.2577605799952907,4.0
6.0,0.44053734899012653,0.1785722206179815,0.7233912352348626,4.0
7.0,1.083291549090009,0.0956986049731993,1.7046537124285086,6.0
8.0,1.0565527315852614,0.14653579096572414,1.560811588454834,4.0
9.0,1.203561912746566,0.10193660390314196,1.4602071797195304,7.0
10.0,0.3098997082463969,0.17768497441003325,1.5464123775354457,4.0
11.0,0.9825039352830517,0.17962164092080482,1.5655651195625269,4.0
12.0,0.9780926415903809,0.1705739536649246,1.4013353314906027,7.0
13.0,0.499176523938809,0.08593760395330786,1.0262728832317485,6.0
14.0,0.11107293785168221,0.071221031348548,1.0979756489809054,3.0
15.0,0.9679541731274602,0.9679541731274602,-0.0,1.0
16.0,0.2221225078999484,0.07628004095731823,0.9253306652146319,5.0
17.0,1.0,0.0,0.0,0.0
18.0,0.16954853011406895,0.059123533230345644,0.965319180880542,4.0
19.0,1.0437188479484503,0.19039931534332022,0.7543428740822051,4.0
20.0,0.09124148136929944,0.07360122568155236,1.2056710661255117,3.0
21.0,0.2118463273074931,0.05930444540897461,0.83344318060071,4.0
22.0,1.1324784870323628,0.18487677737214575,0.8369882167858358,2.0
23.0,0.29774297897830837,0.11860239073615801,0.9325969753869683,4.0
24.0,0.10054678744016197,0.05480542104654155,0.7311334929467344,3.0
25.0,1.0,0.0,0.0,0.0
26.0,1.0,0.0,0.0,0.0
27.0,0.3185933839978975,0.1307070626671631,0.7628241925695444,9.0
