interval,Zmax,Zmin,q_value,SelectedNum
0.0,1.0621112721496004,0.30948455770144384,1.1927489838079748,4.0
1.0,1.1830645114971818,0.18386908050997394,1.2715071556570081,6.0
2.0,1.2080984048989722,0.17084850416562172,1.4216598493662533,5.0
3.0,1.256971263478448,0.2843379804012402,1.0696840364614166,6.0
4.0,0.4086956566892497,0.18056118389165882,1.1175434180605337,6.0
5.0,0.5915925980482729,0.14965852806476612,1.5168758288620448,4.0
6.0,1.0,0.0,0.0,0.0
7.0,0.12047414534991958,0.12047414534991958,-0.0,1.0
8.0,0.16528924197033357,0.07885940933185132,0.9164021905696985,4.0
9.0,0.15563206987707154,0.13858437024120826,1.0184707404286009,4.0
10.0,0.25065503861150484,0.138559293417033,1.0165055017105602,4.0
11.0,0.5499043745052453,0.1742281956437643,1.2982042588440208,6.0
12.0,0.2652904655052034,0.052120158803619546,1.2270647321896928,4.0
13.0,0.9723524263745007,0.45578888475017365,0.733142081546095,4.0
14.0,0.9599195600424217,0.1726818962175025,0.9753013979937304,4.0
15.0,1.0,0.0,0.0,0.0
16.0,0.20608780516864728,0.1307948669204451,1.1024797748981112,4.0
17.0,1.0,0.0,0.0,0.0
18.0,0.11696538264239448,0.11531509920936386,0.8369882167858358,2.0
19.0,0.8447838464442439,0.08469482721713338,1.988814958508163,9.0
20.0,0.6453582374536854,0.28933715663213744,1.4739300324452778,4.0
21.0,0.08236169422711798,0.05436639968933705,1.1480562033254031,4.0
22.0,0.0259052232520402,0.0259052232520402,-0.0,1.0
23.0,1.0449393385652204,0.017191334960323195,1.3368569091718325,4.0
24.0,0.16986748783075864,0.13960478855911682,1.183254274553533,4.0
25.0,1.0,0.0,0.0,0.0
26.0,1.0,0.0,0.0,0.0
27.0,1.1822436530665916,0.1822792646640444,1.2853927074296436,5.0
28.0,1.1578484796915538,0.529428467786687,0.9883056491983961,4.0
29.0,1.0348912049289458,1.0348912049289458,-0.0,1.0
