interval,Zmax,Zmin,q_value,SelectedNum
0.0,0.5276559017615243,0.2924792822926366,1.3798265548620676,4.0
1.0,1.0928914285417548,0.314311799907318,1.1755063330987556,8.0
2.0,1.0090492891587837,0.33432480296893907,0.8610497443268011,8.0
3.0,1.0627928219416345,0.3054763920949047,1.1010546169689952,14.0
4.0,1.169830941421603,0.300706624905816,0.9921132017392845,7.0
5.0,1.0750878024761592,0.31191361979062443,1.266638709915268,10.0
6.0,1.0542649540617735,0.26233573019586137,1.6344149211418473,16.0
7.0,1.0140687255636105,0.29607043444236886,1.0679283239284851,6.0
8.0,1.0856833262296064,0.2901016574469669,1.2341337984675447,6.0
9.0,1.0062563312652497,0.27860865841600946,1.218357409910888,13.0
10.0,1.1849490161149834,0.3501939152281899,1.7573021688167836,11.0
11.0,1.0277389423389112,0.2982649464098582,0.9580120908772054,4.0
12.0,1.0987811829856835,0.2832636376319819,1.7637177435044085,10.0
13.0,1.152946156116956,0.1650606655068241,1.7397794803378464,8.0
14.0,1.018129596714321,0.2816054725140473,1.188163809756481,6.0
15.0,1.0893822140042115,0.2815203070658654,1.5001024207721194,12.0
16.0,0.9280475324394108,0.24790656015785517,1.4141827252657662,11.0
17.0,0.9942911926571304,0.2882573410012163,1.6831980009689724,9.0
18.0,0.9199630661669762,0.31435448477483974,1.4499193611576173,9.0
19.0,0.6632411784682075,0.22790632922328458,1.109728757693009,12.0
20.0,1.0676955403978965,0.28198240023770543,1.823492910553016,8.0
21.0,1.0269130887660873,0.3333743047497991,1.5343802353510207,15.0
22.0,1.018853949076558,0.3348298991200751,0.889239949846842,10.0
23.0,0.529746308587344,0.25637439156013647,1.3461726357448405,10.0
24.0,1.0645135884073273,0.29300734057232614,0.9686135869507346,13.0
25.0,1.108545958220352,0.30294615555142396,0.8610025410875313,6.0
26.0,1.0541112669808754,0.1449773394358415,1.4484808920686232,8.0
27.0,1.0933987895550523,0.3022004935402808,1.4741172963168,10.0
28.0,1.0110229012261374,0.5382448165368385,0.9779488542327888,4.0
29.0,0.7187569941058631,0.6458962568325625,0.6748389422742316,4.0
