interval,Zmax,Zmin,q_value,SelectedNum
0.0,0.8999290253979608,0.8999290253979608,-0.0,1.0
1.0,1.2656668139622111,0.944275546423677,1.09224567150941,3.0
2.0,1.0715980581093458,0.8878167405576896,0.6201707350941168,5.0
3.0,1.1146830178544007,0.8988764983109886,1.2736236141004686,6.0
4.0,0.9444917105925489,0.2489484963285987,1.5192393015702341,4.0
5.0,1.0563127341962408,0.8515417504001296,0.9367081543224359,4.0
6.0,0.9947401804096428,0.24877805959637456,0.894053049613766,8.0
7.0,0.9573726201523853,0.24712759722453,0.7304267066581469,4.0
8.0,1.2241346975628349,0.17550998991928726,1.0867105776085986,5.0
9.0,0.972339643718004,0.21103174498728816,1.5489354601645269,6.0
10.0,1.1463558768891298,0.8705170905200043,0.8361595013600676,3.0
11.0,1.0253832800170355,0.2246554631827831,1.678490622215069,8.0
12.0,1.1057707244269304,0.3652823855566908,0.7743091342421037,5.0
13.0,1.0742277874946629,0.19704543881479572,1.6479055938778433,5.0
14.0,1.1646899612754078,0.1917418405742928,1.074628895869753,7.0
15.0,1.0796836722719776,0.21473612162934197,1.1155454241535274,4.0
16.0,0.9577580327870376,0.2787477733507342,0.5642987886666109,5.0
17.0,1.0320176514581916,0.8913615186844468,0.706948292124092,4.0
18.0,1.1416965127571028,0.22187511388706052,1.4579912255611651,10.0
19.0,0.32310197591148954,0.1771898095287045,0.8711663602009567,6.0
20.0,1.0485351519444113,0.18687837267149876,0.6941422139902121,4.0
21.0,1.18599347735181,0.1796112918525861,1.090504689163238,7.0
22.0,1.167180898772962,0.1806676541338479,0.6225288071460319,5.0
23.0,0.3366695489063484,0.2017624699685657,1.079036182864526,6.0
24.0,0.07800026991725235,0.06243839023862913,0.8369882167858358,2.0
25.0,1.0,0.0,0.0,0.0
26.0,1.0466159236532178,0.16906956923048996,1.4171693614389125,5.0
