interval,Zmax,Zmin,q_value,SelectedNum
0.0,1.0412499990089759,0.9653271508126284,1.3741530531273642,4.0
1.0,1.1688340454172959,0.7506211467114908,0.7154519318830177,8.0
2.0,1.0708035314936117,0.8896808516091017,0.8166574324713688,6.0
3.0,0.9952848299327239,0.9364835803784372,1.1895662066818564,9.0
4.0,1.0755330887791006,0.8094184826217464,0.6749062260093038,9.0
5.0,1.0710442658425532,0.9184413201766546,0.8469291437237149,4.0
6.0,1.1185134241486736,0.30985333970292905,0.49258533221641576,12.0
7.0,1.0697825774725627,0.27944266966945014,1.0983621257195515,4.0
8.0,1.131074642145427,0.8375289296666305,0.8930780262501594,6.0
9.0,1.2128155871124857,0.7156540793302899,0.8819740639170414,7.0
10.0,1.184899795822891,0.862227289951868,1.2891196693415206,6.0
11.0,1.1866170145879817,0.806748898962724,1.1554563171591417,5.0
12.0,1.0476111866983322,0.7304400910509573,0.7349094577019698,6.0
13.0,1.1215335067777386,0.8616564261260368,1.0208965071758038,6.0
14.0,1.352024919337159,0.10771987195755252,1.2110113169843753,5.0
15.0,1.1353399270011024,0.8531344433841511,0.8905777187893923,6.0
16.0,1.1783386534095186,0.1126990403496455,0.6480946326919094,5.0
17.0,0.09256239518711842,0.0582135270581718,1.0606210834188348,4.0
18.0,0.15441079242441386,0.09559989950596404,0.8369882167858358,2.0
19.0,1.0780991147123737,0.28472843968684425,0.6639020544716698,5.0
20.0,0.12029278988904687,0.09736084037586211,1.1689596184774502,4.0
21.0,0.5275405117795806,0.11338881826895686,1.1414629411632535,3.0
22.0,1.0,0.0,0.0,0.0
23.0,0.03521021228285553,0.034372658678020536,0.8369882167858358,2.0
24.0,1.0134785576197152,0.056629379462839496,0.6743536253189502,4.0
25.0,0.953810194929304,0.05128606510530514,1.5994497375346317,6.0
26.0,1.0,0.0,0.0,0.0
27.0,0.05551654016706282,0.05551654016706282,-0.0,1.0
28.0,1.1600222932666395,0.11293729077165016,1.1062877399163868,4.0
29.0,1.4259220676504483,0.06843563255978018,0.8913889987801119,7.0
30.0,0.1313703848090698,0.12504412364002687,0.9430449322596655,4.0
