interval,Zmax,Zmin,q_value,SelectedNum
0.0,1.0986609846106938,0.2172799019414658,1.020279720460171,4.0
1.0,0.9913450397640186,0.18007176136944478,1.2898527923364642,9.0
2.0,1.163113396154393,0.1707056907120005,1.140188753802759,6.0
3.0,1.0191836087685537,0.16868663996678326,1.4827620822661756,6.0
4.0,1.061697563626693,0.1664465928163637,1.2771005373822581,8.0
5.0,1.016736798301908,0.3400567599586588,1.075099510692709,4.0
6.0,1.0686651723765908,0.2389532261939472,1.6066375475119627,5.0
7.0,1.1548830486940747,0.1787061480334626,1.4806299472430104,8.0
8.0,1.1163242606536645,0.2545466563584213,0.6349411973295135,6.0
9.0,1.1479245906032474,0.17442031240997763,0.7855401866065819,11.0
10.0,0.2667576326021683,0.15255238778637809,1.2534169974400395,5.0
11.0,1.0002583471773705,0.1408297876216459,0.9555683938509753,4.0
12.0,1.044465836325269,0.1568846579254548,1.4841853748861997,6.0
13.0,0.9867150355765822,0.14507128474008973,1.4688669397473908,8.0
14.0,1.0792477067234063,0.20372140632553484,1.268986098805929,6.0
15.0,1.022417596414488,0.1797926886588562,1.0580811226495446,6.0
16.0,1.0424174689460364,0.17724978707825145,1.0371033669359258,7.0
17.0,0.957217614976509,0.22908380335704273,1.4856769815353958,6.0
18.0,1.0564048949874987,0.26180615540447705,0.7830453890226243,8.0
19.0,1.0731332302764076,0.16701578505152007,1.4008614438725633,6.0
20.0,1.1627336370420969,0.23419109727444024,0.7166854462281457,4.0
21.0,1.047442072121499,0.19604154537362692,1.5520301916616919,6.0
22.0,1.1325053481741154,0.16082960270120633,1.367758848258845,7.0
23.0,1.1281630439173966,0.23671148016783602,0.9405003842055226,6.0
24.0,1.0697933501839538,0.2459514800927659,0.8843197679809438,4.0
25.0,0.928758601950434,0.24689772014777495,1.2476979633526788,3.0
