interval,Zmax,Zmin,q_value,SelectedNum
0.0,1.2469896951165478,0.7475793928621959,1.0120933029949684,4.0
1.0,1.146158173325479,0.7263949907884668,0.9475198777890658,8.0
2.0,1.1243610128264234,0.8458099795726514,1.1581838209739894,4.0
3.0,1.3306962294622384,0.8097010808483891,1.130148842607017,6.0
4.0,1.233011201186977,0.679805435274035,0.8189670168539287,6.0
5.0,0.9740057069203508,0.9318590567403737,0.9100756960479901,4.0
6.0,1.1845269256151278,0.8011305537170043,0.7963230790861161,4.0
7.0,1.0308826491337864,0.8576024499193559,1.1814277987764266,4.0
8.0,1.0581893647808882,0.7787369015922444,0.8834283704125934,4.0
9.0,1.2218177468142852,0.8498812797290092,1.2984723046165203,8.0
10.0,1.1655068944158309,0.9577847599429734,1.033165269003455,6.0
11.0,1.2061988769607088,0.7488130034566942,0.9167794121603887,4.0
12.0,1.1349714741015495,0.828650997836277,1.1076129990307908,5.0
13.0,1.1033201674964077,0.7626343554373076,1.076204805127238,4.0
14.0,1.091203768629065,0.8041401406641039,0.7221732313543755,9.0
15.0,1.0769048603216032,0.9817847069128389,1.1901860750540756,5.0
16.0,1.2568422274751774,0.9374234826649102,1.3918470617091525,8.0
17.0,1.2913570625466506,0.6115548874448001,0.8274480478892157,5.0
18.0,1.2071310028151956,0.953876382181934,1.3463354362931823,4.0
19.0,1.1997362938708211,0.8458768756537013,1.1988722980719877,8.0
20.0,1.0717719670195327,0.9287201077418712,1.0312006900522883,4.0
21.0,1.09395207297533,0.9375910781976984,0.8265181378307552,4.0
22.0,1.0237249347491861,0.84356993194874,0.8991563455154683,4.0
23.0,1.1732487768033242,0.8280283825971443,0.917134068912818,4.0
24.0,1.116896117281156,0.809681696467704,0.9170064234257859,6.0
25.0,1.0,0.0,0.0,0.0
26.0,1.0,0.0,0.0,0.0
27.0,1.0,0.0,0.0,0.0
28.0,1.0980266360773687,0.8353371818027743,0.8044786814214768,4.0
