interval,Zmax,Zmin,q_value,SelectedNum
0.0,1.1959239838539928,0.7701052229945002,0.8956902504687883,4.0
1.0,0.9127997681590189,0.1699028392380563,0.7215869831571284,3.0
2.0,1.0289137647366222,0.16366247549961746,1.2531723441173397,3.0
3.0,1.2599192764519533,0.3769035264378077,1.040089183400503,5.0
4.0,1.2371462243972922,0.1472367393872816,0.6879907652155018,4.0
5.0,1.213247341694881,0.09667750241899589,0.9961397060253043,4.0
6.0,0.9641192078483694,0.1524579483930204,1.363761083029916,4.0
7.0,1.1511943369311692,0.1829355753048872,1.3453984410877633,6.0
8.0,1.123372409070521,0.17722558683926426,1.2297059954125946,4.0
9.0,1.113659600202759,0.9401084689865843,1.2088950171215247,4.0
10.0,1.161896908325233,0.14388649845559306,1.4512192937481534,8.0
11.0,1.1553181220893114,0.2351308873972866,0.659147812610674,4.0
12.0,1.0447626283428213,0.19935747946751506,1.1689818028276642,4.0
13.0,0.25284268293505846,0.0672007793856793,1.2088849515327156,4.0
14.0,1.059562115344889,0.16111273791292244,1.2852872631143277,4.0
15.0,0.9841609154071028,0.34862310588895384,0.621307927603053,4.0
16.0,0.1789224631385436,0.17817393293852177,0.8369882167858358,2.0
17.0,0.9842640253184934,0.14050737050767054,0.8369882167858358,2.0
18.0,1.1497374501676132,0.1686089030510525,0.9034057322908864,4.0
19.0,1.0,0.0,0.0,0.0
20.0,0.28264844417948076,0.132377114039766,1.245651209397076,3.0
21.0,1.2191467115626602,0.15752903005009142,0.7868788508649027,4.0
22.0,1.1353468643629663,0.15124124550899562,1.47146587121591,11.0
23.0,1.1395399653662974,0.12485188903766067,1.1361461715223387,4.0
24.0,1.013406450336078,0.04362932505619005,1.0994935031065531,4.0
25.0,0.18490514365257443,0.1545426014480044,1.2641474956621455,4.0
26.0,1.0,0.0,0.0,0.0
27.0,1.1516157605851072,0.23993247502264656,0.8369882167858358,2.0
28.0,0.8085817265840012,0.13720591236767177,1.5110441647192028,4.0
29.0,1.0231288013505202,0.905442510271549,1.0526602686539177,4.0
30.0,0.9960899568967524,0.22081778435950544,1.2282947092936363,3.0
