interval,Zmax,Zmin,q_value,SelectedNum
0.0,1.1121881625138599,0.552993557647532,0.9752030752006748,4.0
1.0,1.239170869208328,0.8192795681654504,0.8417366499060575,4.0
2.0,1.0608140750277848,0.45640929055077906,0.89739096113403,4.0
3.0,0.6261703549754847,0.32438344801670516,1.165149614924843,4.0
4.0,0.9190868813610434,0.42564478889582463,0.7976239634823554,4.0
5.0,1.143763683250677,0.5588590958649188,0.8317154962509479,5.0
6.0,1.1440152084510458,0.27498972848648073,1.2586032744361804,4.0
7.0,1.030882936957927,0.33475803549319016,1.2075328002498136,5.0
8.0,1.1121028807009925,0.42464782577190363,1.1060880841592602,4.0
9.0,1.074670928848893,0.27732989112820244,1.155703751497677,6.0
10.0,1.1138034488034836,0.3543274130020753,0.7796112422176262,4.0
11.0,0.6161499165602871,0.4424176729665425,0.8927808378920622,4.0
12.0,1.0063495872517267,0.5210762742332996,1.265389184129377,4.0
13.0,1.1204278671676613,0.5598024534503419,0.7898051529880121,4.0
14.0,1.022593136878579,0.626011978194754,1.13009302600392,4.0
15.0,0.9731903167064108,0.2513339852191494,1.1605887885755897,8.0
16.0,0.7113003733933952,0.24090637570607437,1.1905109587995146,4.0
17.0,0.7212755037263242,0.5048314177859935,0.708454362307891,4.0
18.0,0.9615583163142539,0.261191615049139,1.5665363275957334,10.0
19.0,0.6259716677197268,0.2562071997679666,1.6748419775301093,9.0
20.0,0.9810239385694621,0.19522725933552285,1.0357140556717903,5.0
21.0,0.9223570536054223,0.18047780964152219,0.9002618122038482,6.0
22.0,0.05665990248261343,0.046784049337287005,1.0791989787407152,4.0
23.0,0.34256651703054825,0.04506045516173799,0.5964340803976853,6.0
24.0,0.3307705788386956,0.12808544363234894,0.9691338256963262,4.0
25.0,1.0,0.0,0.0,0.0
26.0,1.0,0.0,0.0,0.0
27.0,0.33957667528928753,0.2817975872364831,0.7404340656330838,3.0
28.0,0.3109751355339765,0.3109751355339765,-0.0,1.0
