interval,Zmax,Zmin,q_value,SelectedNum
0.0,1.060947254787464,0.98467652529891,1.1290775795416528,3.0
1.0,0.9049499809386445,0.1676294584240124,1.1122427962294257,4.0
2.0,0.3034803841435448,0.1358728794143666,1.0973860129798207,6.0
3.0,0.9517190427636019,0.1324034036597635,0.8369882167858358,2.0
4.0,1.0264634924468456,0.13344994261836435,1.3833744540443091,4.0
5.0,0.93046600920427,0.0723695083055025,1.104407208428289,4.0
6.0,0.9248223677024204,0.1515874853061645,1.5817756567668653,4.0
7.0,0.3200508888089097,0.0879209525745726,1.582370626068405,4.0
8.0,1.2819497871931609,0.0877885735691366,1.4387288519395516,4.0
9.0,1.0569673387306813,0.047040372273319676,1.4375629252183533,4.0
10.0,1.0597393403244493,0.1312769733097214,1.3481051133739954,5.0
11.0,1.188078923351916,0.16566563466327158,1.550700694304635,4.0
12.0,0.09526483902867336,0.07538597782756676,0.989672683847178,4.0
13.0,0.8996447385171097,0.12090139039589792,1.1777299139101647,4.0
14.0,0.07733866603677057,0.0722400298073952,1.1656793494496787,3.0
15.0,0.27091186642454385,0.035767151768958026,1.2464273325641768,4.0
16.0,0.5042031296615536,0.15591663993794388,1.1109698458211348,4.0
17.0,0.05632375335215902,0.042098232918222914,1.458170830157761,4.0
18.0,0.22130660254544626,0.10968138814224933,1.2512449692092458,4.0
19.0,0.413195122065315,0.16131977661564725,1.0557373324196377,5.0
20.0,0.9129356877042808,0.16145826965206977,1.6739370207249877,6.0
21.0,1.0,0.0,0.0,0.0
22.0,1.0,0.0,0.0,0.0
23.0,0.22244080910134895,0.03873036682502076,1.4298064778083797,4.0
24.0,0.5349762871985811,0.17626736845267077,0.9076919310183735,4.0
25.0,0.641651051230202,0.37064271724181436,0.7322612189887933,3.0
26.0,1.1072651419262343,0.16537450538925583,1.1572494204674282,4.0
27.0,0.13070420488831172,0.13070420488831172,-0.0,1.0
28.0,1.0,0.0,0.0,0.0
29.0,0.9805024849134275,0.28289803741279235,1.1325412827935164,4.0
