interval,Zmax,Zmin,q_value,SelectedNum
0.0,0.3160435013205883,0.3160435013205883,-0.0,1.0
1.0,0.974229357704673,0.41852003618438455,0.6816921648317202,4.0
2.0,0.205544126014434,0.14711893342348634,0.8369882167858358,2.0
3.0,1.1360680311371412,0.21802023815018376,1.0149472930087735,4.0
4.0,1.0,0.0,0.0,0.0
5.0,1.0575421996426664,0.9452007680375195,1.038323212246616,4.0
6.0,0.9829435077313152,0.15367382531505588,0.8279491397184,5.0
7.0,1.0128600588155976,0.1840805253598309,1.5748559093118555,4.0
8.0,0.44917812867590223,0.1733542393252557,0.687860168267518,4.0
9.0,1.0015842274650826,0.22255587427531615,0.6618588385110529,4.0
10.0,0.813211548286948,0.23862713479123873,1.0958548853829384,4.0
11.0,0.6472901761196103,0.12659673400160087,1.1500986916414941,4.0
12.0,1.0174326442433057,0.1991118171535307,0.8369882167858358,2.0
13.0,0.8679530896465253,0.8679530896465253,-0.0,1.0
14.0,1.0052106797413136,0.15886478230148007,1.4395589886971334,4.0
15.0,1.0526233807099217,0.15875094829304512,1.1240904463715238,6.0
16.0,0.9608067120504111,0.35280592127755445,0.8369882167858358,2.0
17.0,0.6195548121978076,0.09164088501566965,1.5393769193966167,4.0
18.0,0.38223598106947493,0.38223598106947493,-0.0,1.0
19.0,0.4792904574929191,0.13803382511974213,1.3447156142727619,4.0
20.0,0.16324288781130056,0.16324288781130056,-0.0,1.0
21.0,0.9448825570379793,0.22817370927862812,0.9659163129215121,4.0
22.0,0.9266288161114714,0.21919278391600494,1.1248884730822555,3.0
23.0,0.6695664057350008,0.3545936507214763,1.1295781519467414,4.0
24.0,0.4670371661624402,0.15833801300490402,0.8369882167858358,2.0
25.0,0.35804696632683386,0.24748811319847389,0.8369882167858358,2.0
26.0,0.9621959333453534,0.16480639740590122,1.134753252818482,3.0
27.0,0.9762659779510584,0.6125262603420861,0.8848749050642719,3.0
