interval,Zmax,Zmin,q_value,SelectedNum
0.0,0.3744168239812602,0.27515929567213043,0.8369882167858358,2.0
1.0,0.2753413966302616,0.22780047612430987,1.0364556812408467,4.0
2.0,0.329798006592614,0.2505103419043261,1.2831537500230965,4.0
3.0,0.27873376697823105,0.23486795010548384,1.4481328444756685,5.0
4.0,0.6745156121068815,0.2393207955976581,1.3395654902903034,5.0
5.0,0.3386883167668299,0.2460055415453401,1.3414945375522171,4.0
6.0,0.3084330455848535,0.23177337537187886,0.8923856604615383,4.0
7.0,0.6405760562325696,0.2451492514230371,0.8200534849785276,3.0
8.0,0.28336640068138785,0.22004351655343218,1.3928340874036784,4.0
9.0,0.39497585033505334,0.24709545585748172,1.1118984680649295,4.0
10.0,0.6054270187532419,0.24664049590411946,1.5088073897277712,4.0
11.0,0.25636668380986577,0.23567407710435115,1.2137925204216478,4.0
12.0,0.4833742758858038,0.2552620722874637,1.51225739415362,4.0
13.0,0.8347318977616262,0.20870334551826336,1.5542012477970202,4.0
14.0,0.4753828627817207,0.22961849200455306,1.0061844409223504,4.0
15.0,0.26398893263092466,0.2504849868348996,0.8444057037191651,4.0
16.0,0.3282926376730046,0.24625876274870567,1.3991427768835432,4.0
17.0,0.3389986741681258,0.20999358718764405,1.2618508610284187,4.0
18.0,0.40519217663807083,0.22841479472773593,0.9814694176701192,4.0
19.0,0.28358492448597866,0.24709698190582624,1.0872333482841663,4.0
20.0,0.25458892999522803,0.22542121193925793,1.1845857695068052,4.0
21.0,0.3134893356975622,0.261731354875026,0.9549078101922124,4.0
22.0,0.3643793527748897,0.20626333328615304,1.2074184426637093,4.0
23.0,0.4107132576579103,0.24692188306816892,1.2906857724058796,4.0
24.0,0.2504163151438202,0.23112177052159785,1.1122002567134064,4.0
