interval,Zmax,Zmin,q_value,SelectedNum
0.0,1.0758882886186143,0.8971481910467799,0.7865544776018296,4.0
1.0,1.1896006535822117,0.22242691133419365,1.0287981003334936,6.0
2.0,1.1197529050272592,0.17720007675793728,1.0711206245524567,5.0
3.0,0.9994257872936086,0.15377913778774344,1.1927076456423755,7.0
4.0,0.984250991286382,0.20125398822994905,0.6437643650994987,6.0
5.0,1.0817124373121778,0.183920037121951,0.7077560429096945,11.0
6.0,0.6034291895076614,0.14568511807909457,1.436376603963493,4.0
7.0,1.0431009195968866,0.0982550242561925,1.449811578705575,4.0
8.0,1.0439842379281672,0.1514219669316035,0.9759555730839589,6.0
9.0,1.1049998993961223,0.19923049740779886,0.6805773031498632,5.0
10.0,1.1156433563648145,0.21618105041586652,0.550968270607951,8.0
11.0,0.8707063119996303,0.14045215639938963,1.3062142057888084,7.0
12.0,1.1745873281452233,0.1461815825714691,1.1734446308271613,8.0
13.0,1.0373513333010853,0.16229039381723329,1.748982092074125,8.0
14.0,0.9293629587105928,0.22696861035961216,1.8227095451698117,8.0
15.0,1.1118588332408648,0.17401097097221563,0.6095174559041319,7.0
16.0,1.0994992769578245,0.19353579838050278,0.6254939984630412,6.0
17.0,1.0691778169024793,0.30515872135712335,0.6939895521353888,8.0
18.0,1.0581888903741228,0.2921723899444279,1.134764121145622,4.0
19.0,1.2103881930940132,0.10744084209945733,1.2208056604515258,5.0
20.0,1.2177782156202233,0.1640852563682614,1.6308744654583593,8.0
21.0,0.1355371424155043,0.11341250062002711,0.6627395683191777,4.0
22.0,1.021228893997371,0.06092298524493682,1.5174812761932654,6.0
23.0,0.9700596100809066,0.24516499548048276,1.4033604475358343,4.0
24.0,0.38363787276802047,0.10558540986074447,1.1883413794377882,4.0
25.0,1.0482299588325337,0.18342966987218917,1.679207782350095,8.0
26.0,0.2653528610413337,0.23930223404119133,0.722173451976906,3.0
