interval,Zmax,Zmin,q_value,SelectedNum
0.0,1.037127828753374,0.08751584392213288,1.2400161710850195,3.0
1.0,0.9865676951606906,0.11363282060487487,1.536236180018503,4.0
2.0,0.9709075295123645,0.10252773292716136,1.074173525091005,4.0
3.0,1.0806383037878158,0.1556775541009305,1.352794416320353,4.0
4.0,0.37251332237652063,0.11222284349684117,1.0752471634210599,4.0
5.0,1.1037210714987784,0.17923512239299444,1.3985877682144907,4.0
6.0,0.9586380831996518,0.09968009858075708,1.0661089681142286,4.0
7.0,1.0607571813299697,0.09226642174602238,1.2859447157700188,5.0
8.0,1.0717796433729812,0.16094429190893814,0.8215618222671905,4.0
9.0,1.0748353195538238,0.10805122298421256,0.8335503736897975,6.0
10.0,1.0197999665385538,0.1263059899526684,1.3171405959367417,5.0
11.0,1.2059381904236586,0.1415186296372852,1.3972435436017832,4.0
12.0,1.2202700699644036,0.15795556334341296,0.9882273390630849,4.0
13.0,0.9714859952388132,0.10368927345922307,1.244717899595982,4.0
14.0,1.2263232808476507,0.14477600124604684,0.7715692382974697,3.0
15.0,0.9751665847864806,0.13695217238225413,1.0184484368707158,4.0
16.0,0.9267661467411015,0.1373432927649066,1.489176044864555,4.0
17.0,1.0515229090767564,0.7222555799795639,0.826429117347481,4.0
18.0,1.1664077250611191,0.07452983269554235,1.4759530896374904,4.0
19.0,1.0400819821658052,0.08936715680594733,1.1151802494282315,4.0
20.0,0.7596695008665277,0.10109297719875894,1.2018444756778472,4.0
21.0,0.974936685610308,0.15878922636810638,1.3160887218108526,4.0
22.0,0.9742306258270591,0.13108669154172894,1.47447909848928,4.0
23.0,1.1182403093664819,0.10747087366272519,1.0759066724258644,4.0
24.0,1.0,0.0,0.0,0.0
25.0,1.0,0.0,0.0,0.0
26.0,0.9860037747879019,0.10609564826760351,0.9948081371308641,5.0
27.0,0.9725676916661244,0.08891566798553749,0.8404571116780283,4.0
28.0,1.0,0.0,0.0,0.0
29.0,0.8629146750195457,0.8629146750195457,-0.0,1.0
30.0,0.1520722928460425,0.14746022067182027,0.8369882167858358,2.0
