interval,Zmax,Zmin,q_value,SelectedNum
0,1,0,0,0
1.0,0.4764270618788228,0.4764270618788228,-0.0,1.0
2.0,0.9856159857028598,0.4610307902374909,1.2621781980122169,4.0
3.0,0.6605001738920935,0.24744447926136381,0.7124180756045216,4.0
4.0,1.0081178765943382,0.19124240786582541,0.8369882167858358,2.0
5.0,1.0421804723513048,0.9362684631182668,0.8369882167858358,2.0
6.0,0.8498456086023369,0.22143185300734777,0.7205231294109685,3.0
7.0,0.5528624331397458,0.25680496104868467,1.1757940746942714,4.0
8.0,1.255244993000856,0.423942524802509,1.2467908648822879,4.0
9.0,0.9802424137017705,0.27032580715090865,1.1545057663424845,4.0
10.0,1.2064816998022632,0.6222694723199468,1.1907473846589123,4.0
11.0,1.102345455182586,0.19513667954781766,1.0472651387213587,5.0
12.0,0.6998843691328447,0.19577667733376794,1.0221953476880405,4.0
13.0,1.0455256013916223,0.9190724485671975,1.0265789437602764,4.0
14.0,0.38002184220410123,0.22366065835541296,0.9642221501549415,5.0
15.0,0.9538441644985183,0.22725968887302342,1.8388494875260053,6.0
16.0,0.9684889606081775,0.35919478726262993,1.1636395630996632,5.0
17.0,0.3881827692170893,0.15801624283009394,1.1765381347780375,4.0
18.0,0.9529239063051046,0.07695127938894077,0.9380449388658638,4.0
19.0,1.0189147538531005,0.2120350763895046,0.9227402213244564,4.0
20.0,1.3102517485537342,0.15557230396493155,1.568176209275132,6.0
21.0,0.14416733448540142,0.14235858789952968,0.8369882167858358,2.0
22.0,0.9791966787478698,0.02955825747217138,1.1189618870152722,4.0
23.0,1.1024994746670378,0.2225609473799314,1.3084847671033306,7.0
24,1,0,0,0
25.0,0.15964704221240208,0.08815102993380917,0.9119117449907916,4.0
26.0,0.3172885092714071,0.06680804264246747,0.9070654059121157,5.0
27.0,0.139885376589587,0.06856329525237888,0.8515344494121151,6.0
28.0,0.9877923260168863,0.35232880386801585,1.2570010034337413,4.0
29,1,0,0,0
30.0,1.0978163169308013,0.20371688882845682,1.0684392340949533,4.0
