interval,Zmax,Zmin,q_value,SelectedNum
0.0,1.095599555806708,0.1666520089601449,1.0451482173329314,8.0
1.0,1.0077636247393302,0.16486017035462813,0.9317225734492034,5.0
2.0,0.9239625899530329,0.17673034521367814,0.8751667222205569,4.0
3.0,1.0212981797625864,0.16895589239127337,1.266653609726146,6.0
4.0,0.9646363760622486,0.1755362824918614,1.5060947518949586,6.0
5.0,0.9588634002717008,0.1677588672842273,1.0617077543641729,6.0
6.0,1.045930669392552,0.2483827493156246,1.3095839280450108,10.0
7.0,1.109493156362151,0.1794787626362001,0.705246254121593,6.0
8.0,0.99308918967726,0.1775845036311548,1.2311857836563516,6.0
9.0,0.9081880033266239,0.18296359078964194,1.1820204095967093,4.0
10.0,0.5953753731314582,0.18762958505477192,1.6247880013583622,6.0
11.0,1.1709234963657233,0.3386224319860463,0.9588759276935107,6.0
12.0,0.9859664824252111,0.20690953369748824,1.5202770298694437,9.0
13.0,1.040212371169605,0.18442532656284183,1.4096253712611382,6.0
14.0,0.9987775482921322,0.16207778876083517,1.2750190143533116,4.0
15.0,0.04652892355017872,0.04652892355017872,-0.0,1.0
16.0,1.0,0.0,0.0,0.0
17.0,0.1805591728817651,0.021173908435077934,1.0836597338770608,4.0
18.0,0.815788899531042,0.09972699392109755,1.5025271483182119,6.0
19.0,0.15778588316534536,0.04887167424061222,1.1622995865664372,5.0
20.0,1.0,0.0,0.0,0.0
21.0,0.17804738481555468,0.14722490450239933,1.0272505388480315,4.0
22.0,0.7555219793974975,0.07544196299849429,1.5912254844352542,4.0
23.0,1.0,0.0,0.0,0.0
24.0,0.0245734545510404,0.024467571658527153,1.1027098004174756,4.0
25.0,0.03792780669018693,0.03792780669018693,-0.0,1.0
26.0,0.20255124565722857,0.036436712566153766,1.2179263926668062,6.0
27.0,0.2044900965879774,0.08896274246125906,1.2644010477095886,9.0
28.0,0.8124749573574032,0.1741265592521949,1.5649022183751344,4.0
29.0,1.2120330935009482,0.8754932206910996,1.2499687738150331,3.0
30.0,0.9932394773651514,0.21117160348219752,1.2515623486924337,3.0
