interval,Zmax,Zmin,q_value,SelectedNum
0.0,1.1740277932574514,0.1403907246737747,0.6772360048388613,5.0
1.0,1.0225097489795758,0.15787788926214338,0.6527509766421202,4.0
2.0,1.0445014541304412,0.8829028464871537,0.9547876493343818,4.0
3.0,0.5243452504871962,0.13307161133858833,1.0566492879043334,5.0
4.0,1.1281847261621705,0.8434072727457116,1.0153312683226932,4.0
5.0,1.2262644932056348,0.7700051545738207,1.0202955904577962,6.0
6.0,1.0135720229313256,0.12051461909377371,0.7600664324043458,5.0
7.0,0.4001278526228129,0.0519927440515501,1.1317889539869075,4.0
8.0,1.052061213045925,0.8800987555739924,1.3560066202092105,4.0
9.0,0.9553601208481861,0.5021950132517281,0.8999021540429051,4.0
10.0,1.0329104710493575,0.10180695589087076,0.9861558503442884,5.0
11.0,1.3188856768580086,0.11650433686629541,1.1728085316894685,4.0
12.0,0.8001527306423127,0.07862142163349709,1.4672912305113295,4.0
13.0,0.7133819347160532,0.04820522031829245,1.4924241632143225,4.0
14.0,0.9809458301103592,0.13919701792921846,0.6303317080552628,4.0
15.0,0.15411869266246672,0.07179730864188086,1.5523265897790286,4.0
16.0,1.0090644985241723,0.11369340631955628,0.8369882167858358,2.0
17.0,0.5747636058132888,0.10121544296766871,1.3736185177876512,4.0
18.0,0.042384547549197384,0.04199264574434072,0.8369882167858358,2.0
19.0,1.0,0.0,0.0,0.0
20.0,0.13733454296956701,0.13733454296956701,-0.0,1.0
21.0,1.0,0.0,0.0,0.0
22.0,1.0,0.0,0.0,0.0
23.0,0.4566375095280047,0.052207857543813116,1.2901700707072847,4.0
24.0,1.0,0.0,0.0,0.0
25.0,1.0,0.0,0.0,0.0
26.0,1.0,0.0,0.0,0.0
27.0,1.128603963266385,0.1290485016353863,1.1193180428663054,4.0
28.0,1.0,0.0,0.0,0.0
29.0,0.877829776585232,0.5507379710966629,0.8369882167858358,2.0
30.0,0.958322775971538,0.958322775971538,-0.0,1.0
