interval,Zmax,Zmin,q_value,SelectedNum
0.0,1.0050436008534376,0.9323525190872791,1.1249029126454042,4.0
1.0,0.9463501503012782,0.9076856284913563,0.8573203211145604,5.0
2.0,1.1682637264374265,0.18312118192000915,0.6334817061297259,7.0
3.0,1.0595896402005576,0.12633863112529203,0.6960634904853212,4.0
4.0,1.1313892054593229,0.9032956259177932,1.5017215403063104,4.0
5.0,1.171884461921813,0.965197113308863,1.278953558780813,5.0
6.0,0.9831748815643818,0.1644158938446994,1.134814122814896,4.0
7.0,1.0947717882948365,0.17083006437818832,0.9476168966890454,6.0
8.0,0.9856643145810382,0.1490562818183417,0.6338924578206309,4.0
9.0,0.9503263512873596,0.9193444598645273,1.2768778460016161,4.0
10.0,1.1460269209489,0.1735570282775136,0.9421488772330159,7.0
11.0,0.998940137330182,0.8102870754386639,0.9413759359114162,4.0
12.0,1.1285194595011798,0.8937446627473508,1.0796632912966913,5.0
13.0,1.0941134164960788,0.882270842594185,1.1052113005135202,6.0
14.0,1.0758421153363753,0.8123837101904449,0.7323905528929693,4.0
15.0,1.1438694094687925,0.7976090321460458,0.7276460120179801,6.0
16.0,1.0767219278945592,0.9352846515230374,1.2767052796062344,4.0
17.0,1.052819781344497,0.1654713245427512,1.107952943838573,4.0
18.0,1.254417262071882,0.14109771538457033,0.9542628406577373,8.0
19.0,1.04617647993419,0.8875358472147449,0.994954467396257,4.0
20.0,1.1163605913912682,0.7535644910063927,0.8013473333923138,8.0
21.0,1.022807721227123,0.65451986563598,0.5868123353836819,6.0
22.0,1.0610631205384324,0.839562091503567,0.8757754842648925,4.0
23.0,1.0940195200736698,0.6370987085561916,1.250971366272539,5.0
24.0,0.9918830963791757,0.1529598572359049,0.5400162889353745,11.0
25.0,1.095780792050387,0.7408153385464579,0.8943901586644688,4.0
26.0,1.2330254618131269,0.9920363912767551,1.04261478344359,4.0
27.0,0.9674773744794418,0.16571807241655923,0.8369882167858358,2.0
28.0,0.9654976841554603,0.8970112667776636,1.179340410367694,3.0
29.0,1.0252106177723121,1.0252106177723121,-0.0,1.0
30.0,0.9567611555581551,0.9567611555581551,-0.0,1.0
