interval,Zmax,Zmin,q_value,SelectedNum
0.0,0.9802835941801583,0.8113353228072502,0.9614309983291749,4.0
1.0,1.0408772048511412,0.8185485489728014,1.0630757327073947,3.0
2.0,0.947337448985999,0.8356149001132612,1.4633642295800096,4.0
3.0,1.0409347566994773,0.7756008405235129,0.7919374193763516,6.0
4.0,1.0298444135899372,0.8174547354166025,1.0432062185419433,4.0
5.0,1.0248037439087934,0.8146257523691219,0.7736787501824229,4.0
6.0,1.0386136493700575,0.7827438376568978,1.0742741402241722,4.0
7.0,0.971333934908731,0.9217911274339801,0.8369882167858358,2.0
8.0,1.0414127519970893,0.779636758682965,0.9821613879376402,4.0
9.0,1.0622319911967555,0.7004158404959427,0.9109702047033126,4.0
10.0,0.8848456298622976,0.833055100006944,1.1830380559490123,4.0
11.0,0.9436012695746112,0.8250187761285028,0.9433555593639789,4.0
12.0,1.0098619347157496,0.823300524281481,0.740357937457714,5.0
13.0,0.9099457760903029,0.8675379681931973,0.9686045134273045,4.0
14.0,0.9775901828673613,0.37790279234208257,1.0633690453720717,4.0
15.0,0.9840447760673883,0.3868488819028864,0.7185970680012153,4.0
16.0,1.0251499898316507,0.8610405373347941,0.9952236200121682,5.0
17.0,1.1009421420558094,0.7852803662945499,1.224595093883562,5.0
18.0,0.9676985798360855,0.8552445867747828,0.8369882167858358,2.0
19.0,1.160472922175242,0.7322041534009391,1.0739545300442845,4.0
20.0,1.0420627777723712,0.7779187235343079,0.9721854715430631,5.0
21.0,0.9484087430226057,0.8503660573975413,1.19785008599664,4.0
22.0,1.0124667597782513,0.7712465301044829,0.9383764908925469,3.0
23.0,1.1436323953081462,0.7304546646735169,1.04588639332125,4.0
24.0,1.080664432467806,0.3409130422395463,0.7880042481065352,3.0
25.0,1.0764195409602362,0.9233785161512563,0.9504777829222254,3.0
26.0,1.0654177014170345,0.48336293503911953,0.707196315037357,4.0
