interval,Zmax,Zmin,q_value,SelectedNum
0,1,0,0,0
1.0,0.9107498836049434,0.24586990524665572,1.3378650304822877,6.0
2,1,0,0,0
3.0,0.6712408473684023,0.6712408473684023,-0.0,1.0
4.0,0.3316161645542445,0.0958500643646773,1.4574675752172963,4.0
5.0,0.2403611966585444,0.16059818728284153,0.6975702474662923,4.0
6.0,0.3746529629998679,0.35687535537469744,0.8369882167858358,2.0
7.0,0.3762597568440647,0.2504269754313341,0.9464284364797959,4.0
8.0,0.9190019743222512,0.14423470129894933,1.0929510030471254,6.0
9.0,0.4203057728058831,0.1108880232045147,1.2611567161794461,4.0
10,1,0,0,0
11.0,0.6373788955652692,0.10462665784269352,1.05454631877152,4.0
12,1,0,0,0
13.0,0.9904723147688218,0.8490856355978944,1.065293523663732,4.0
14.0,0.8994202392375383,0.3002657960400194,1.2471865249263883,5.0
15,1,0,0,0
16,1,0,0,0
17.0,0.538641324002224,0.31601275537384105,0.6716012193316826,4.0
18.0,0.8259832183687176,0.07488266672060545,1.521010719497765,4.0
19.0,1.0459953540107974,0.19918464371507014,1.444440843572095,6.0
20.0,0.9686884929710343,0.2031755438089454,1.1139429443284719,4.0
21,1,0,0,0
22.0,0.557187838942087,0.3479723867201016,0.8657244541924869,4.0
23.0,0.40033696594581664,0.15680408380621907,0.6216452314267531,4.0
24.0,0.2713074361224142,0.14931619079781386,1.5850578417656433,4.0
25.0,0.8408281628487465,0.12170888425212857,0.8626749089066492,4.0
26.0,0.5527974350213157,0.10736931230707089,1.142904609611259,3.0
27.0,0.09446247062217655,0.08042728859197672,0.710933211139187,4.0
28.0,0.33799079309990027,0.29894746713951337,0.8369882167858358,2.0
29.0,0.9116393189697013,0.2327753649196565,0.6641414611355279,4.0
