interval,Zmax,Zmin,q_value,SelectedNum
0.0,1.0399456281945039,1.0399456281945039,-0.0,1.0
1.0,1.0530851122116902,0.8437038506389177,0.9081796951830728,4.0
2.0,1.0504960006438733,0.5354838695210745,0.9230302487663141,4.0
3.0,0.980310369075696,0.2022802181593881,0.6375810073159147,4.0
4.0,0.8384136640300422,0.18934063920811967,1.5301987733121805,4.0
5.0,1.0249122234753467,0.21796513928614952,1.54952153522924,4.0
6.0,0.875155324313184,0.21602019235899123,1.6759973778673285,5.0
7.0,1.0432843665517573,0.23370152434108926,0.9206743616860853,5.0
8.0,1.0037548192025127,0.2150970229471862,1.9202851342815441,6.0
9.0,1.1016016507845592,0.18330086021705597,1.5235575726454624,4.0
10.0,1.0907361493081764,0.264515870255531,1.1241382956372288,4.0
11.0,0.9863692466091513,0.9253183583569731,0.7760435096530408,3.0
12.0,0.43969491985642783,0.18407121991965233,1.473477174447122,5.0
13.0,1.0966189385511684,0.20314715796614854,1.165176549597835,4.0
14.0,1.0412629355006056,0.2261396473159851,0.7407120729256831,5.0
15.0,0.9736856907533898,0.2378905344942314,1.2540971755470534,3.0
16.0,1.0667302785770651,0.16408160039202258,1.3575482306124913,4.0
17.0,0.9614069624254012,0.2392602417791616,1.1719750682801433,4.0
18.0,0.25673442055005025,0.2121779463428296,0.94785978869009,5.0
19.0,0.8855928396657853,0.19347975591657068,1.122439603175138,4.0
20.0,0.9211771810930747,0.14991672888182933,1.7023833618154498,6.0
21.0,0.8983952069031508,0.20240796394195246,1.0431340189987872,4.0
22.0,0.8242621335213296,0.19406190117716648,1.5512104847476706,4.0
23.0,0.22421763612762208,0.20542743894372517,1.1403431684910286,3.0
24.0,0.27858245709556273,0.21283135915554605,0.7629413326670434,4.0
25.0,1.0956506589650952,0.36865192457053475,0.6823392522006333,4.0
26.0,0.9560537683767371,0.202471597782923,1.6736980252057392,5.0
27.0,0.8336190884593536,0.19505850986495568,1.5677446726127986,4.0
28.0,1.0594026339234008,0.2053720972259695,0.7000129762656155,4.0
29.0,0.21576808398921393,0.21324038152597194,0.7748797267467503,3.0
30.0,0.27478008229524553,0.27478008229524553,-0.0,1.0
