interval,Zmax,Zmin,q_value,SelectedNum
0.0,1.119451441134652,0.9747584080257276,0.8369882167858358,2.0
1.0,1.0109702369922833,0.3386988707909316,1.1367628171055686,4.0
2.0,0.4720859453820616,0.316392546050328,0.9805352458938296,4.0
3.0,0.9778813238201105,0.28300885528552744,1.3383405560328596,6.0
4.0,0.3545850232158086,0.26836529359472416,1.0034353771562015,4.0
5.0,1.1128009442066955,0.2872787441809071,1.1323089802621715,4.0
6.0,1.032756416838698,0.22040913849742483,0.6659687571272431,4.0
7.0,0.9319628872452879,0.27936896536433287,1.018714423815929,5.0
8.0,0.9728209164768202,0.7234403098567683,0.6666094489919271,4.0
9.0,1.164676477495547,0.2924562180574318,1.2677232733057007,5.0
10.0,0.9421521551707146,0.41560798447507064,1.0916639194708129,4.0
11.0,1.186970745990455,0.08570620547786778,1.6749568306268778,7.0
12.0,1.0,0.0,0.0,0.0
13.0,1.0,0.0,0.0,0.0
14.0,0.2992246773893602,0.09446724200624543,1.14871598938156,4.0
15.0,0.6260948029011292,0.6260948029011292,-0.0,1.0
16.0,0.9474126909060544,0.27311084867287727,0.8369882167858358,2.0
17.0,0.198491248312517,0.1838037315247126,0.713492582986737,4.0
18.0,0.24292590239510434,0.2138719682350702,0.8539275105639504,3.0
19.0,0.11514899191347878,0.04738415769312092,0.8124109967362654,4.0
20.0,0.7062023476006315,0.14857894149139564,1.313703083979951,4.0
21.0,0.37529783619088286,0.05491706711597953,1.382143435628596,4.0
22.0,1.0950608331112692,0.8981460895519231,0.877452725014821,3.0
23.0,0.869483541174305,0.16786476618596538,1.5805302201289129,4.0
24.0,0.03997911472505096,0.03997911472505096,-0.0,1.0
25.0,1.0,0.0,0.0,0.0
26.0,1.0,0.0,0.0,0.0
27.0,0.41731514795582386,0.12257240400587899,1.322394177492161,4.0
28.0,0.9782330776225908,0.2704361013050615,1.5687957928329013,4.0
29.0,1.1783551342967742,0.18827897787239192,0.8066505649993411,8.0
30.0,1.0533207656895103,0.17631794031432663,1.3232826921875709,4.0
