interval,Zmax,Zmin,q_value,SelectedNum
0.0,0.9818799975324202,0.9037825404958331,1.2124318278949782,3.0
1.0,0.9930206880079743,0.8181084839099513,0.9667260381563381,4.0
2.0,1.0175312694600955,0.6346636112126476,0.6691844263684027,6.0
3.0,1.0459425752048843,0.856619131331849,0.7094489919928085,4.0
4.0,1.0447682545676404,0.7428829388916718,0.7011202960877257,6.0
5.0,1.092501597056226,0.7660504010520911,0.8743504463656032,9.0
6.0,1.0580702713013412,0.6917966223616172,0.7702071491303056,4.0
7.0,1.1814579615854894,0.7492155548182133,1.1015922675074485,6.0
8.0,0.892433621870643,0.6471151758415166,0.7000688697180696,4.0
9.0,1.0067517097640422,0.6575101713525574,1.1301180563481106,6.0
10.0,1.006836962973351,0.7550263412131462,1.077331752088268,8.0
11.0,1.0862466589590067,0.8491582348181094,1.2510105138618302,7.0
12.0,1.166791638793755,0.586803242619579,0.9117078678139449,7.0
13.0,1.0134632808327935,0.8724956895592122,0.7050278640948062,5.0
14.0,1.023169178010923,0.7236336380790891,0.9329650877417847,4.0
15.0,1.1878210978118888,0.8263961633371999,1.187661561903576,4.0
16.0,1.006972501593164,0.6837521999575725,0.8145695881180847,6.0
17.0,1.0251661154891798,0.6327600491716286,0.7617357070172512,4.0
18.0,1.0249869995148304,0.7403541927346193,0.8011778105314254,6.0
19.0,1.0127992285366185,0.8050251120313909,0.9648027775644004,8.0
20.0,1.035045132152475,0.7260845933996093,0.7957342714942004,8.0
21.0,1.023457006623797,0.8342605716925533,0.8176521143096319,4.0
22.0,1.1879124843572746,0.7992888145777716,0.9775655181425008,8.0
23.0,1.0574063858164258,0.7944577227225037,1.1213964992852425,7.0
24.0,1.0458078441500813,0.7093629141151572,0.9822646925151044,8.0
25.0,1.0958195518003595,0.8373597920768705,1.1592410795621315,6.0
26.0,1.0219754819404732,0.5362684494860392,0.785178950512204,8.0
27.0,1.011368139635814,0.6948756106414679,0.7500376753615582,4.0
28.0,0.9241910892519324,0.9241910892519324,-0.0,1.0
29.0,0.9699723788553127,0.8530450816711156,0.8369882167858358,2.0
30.0,0.9051986238349725,0.9051986238349725,-0.0,1.0
