interval,Zmax,Zmin,q_value,SelectedNum
0.0,1.0006649549649793,0.9175612963175376,0.808309704844229,3.0
1.0,1.0171985065174078,0.5381782997201613,1.0073912522593358,4.0
2.0,1.0705184350250974,0.7619734317444782,0.8974264896920663,4.0
3.0,0.8680103072418006,0.7263699980482998,1.219864526180916,4.0
4.0,1.2652981565521146,0.6552324192090017,1.0795655314053194,4.0
5.0,1.1713517712737584,0.6351663101090365,1.1775617934321407,4.0
6.0,0.8870361113590067,0.8358544359373126,0.6601476956708199,4.0
7.0,0.889336082725899,0.7762689574796336,1.0136677528953844,4.0
8.0,0.8428384550098652,0.7524989587322345,1.212825062215202,5.0
9.0,0.7964393043265188,0.5694761250014493,0.6945037873744718,4.0
10.0,1.1943431426989621,0.8675833161151045,1.133097707093607,4.0
11.0,1.2274763299998768,0.9781455105376509,1.0643179955291144,4.0
12.0,1.399275639414583,0.7731246292944829,1.0641578015941624,6.0
13.0,1.0824135198422387,0.7363513071441177,0.9636945423466253,3.0
14.0,0.964072597528639,0.5715077868696018,0.9523589445179447,4.0
15.0,1.0196936008865924,0.7468491527101793,1.1344085533680945,4.0
16.0,1.2896003583248083,0.7876349370153266,1.4168268426479822,6.0
17.0,0.23717784172552328,0.22974658328590675,1.0894675969646739,3.0
18.0,1.0160867857680578,0.8158214532247955,1.3275194998392004,4.0
19.0,1.2334183315989151,0.616195392720358,1.0169736231959745,5.0
20.0,1.1783444093145428,0.24707414599974056,0.7432881790828246,4.0
21.0,0.07728561204577111,0.07728561204577111,-0.0,1.0
22.0,1.0735883935281052,0.7005464061843347,1.1366557589504551,4.0
23.0,0.977051374099341,0.7305392745754598,0.5927332708409223,7.0
24.0,0.5464452365594371,0.15019251099158132,0.8369882167858358,2.0
25.0,1.0,0.0,0.0,0.0
26.0,1.059566411225801,0.042559866952674136,0.657668395754818,4.0
27.0,1.0259845547326356,0.30400671238037197,1.1319007976164226,4.0
28.0,0.9303955211254566,0.23646134059818266,0.6480227442622382,5.0
29.0,0.8562106026395176,0.8562106026395176,-0.0,1.0
30.0,1.1968670967484027,0.7854021132037117,1.176023605466703,3.0
