interval,Zmax,Zmin,q_value,SelectedNum
0.0,1.0411569751378897,0.885169354760112,0.9376566565893447,3.0
1.0,0.24552988345754823,0.24126854151732377,0.7654301994980441,3.0
2.0,1.101425779393628,0.24219417144619984,1.2384448381131763,5.0
3.0,1.0696207682831453,0.16815000617651138,0.6513057374249521,4.0
4.0,1.1051138705208343,0.21287467986316908,0.6314985627929154,6.0
5.0,1.0351056542387131,0.9410574605124322,0.8736586827328672,4.0
6.0,1.001149499932219,0.9510291941418332,1.0565962199418042,4.0
7.0,1.0963800085131574,0.24059974367845735,0.6877962539497589,4.0
8.0,1.0285551563617474,0.17326295465270497,1.1675184067898798,6.0
9.0,1.0949915057167847,0.14724081278523762,1.0151195656969918,5.0
10.0,1.0841339883706849,0.4089943632717834,0.7148901864551438,4.0
11.0,0.38856537544430847,0.30855943460767876,0.7034856400060467,4.0
12.0,1.0163710594165494,1.0163710594165494,-0.0,1.0
13.0,1.207140108208864,0.1977436857740273,1.089778403195953,5.0
14.0,0.9599115924404336,0.17024760650896373,1.1092171760516496,4.0
15.0,1.0,0.0,0.0,0.0
16.0,1.0,0.0,0.0,0.0
17.0,1.145012706008882,0.19618251697227024,1.0044120531005536,4.0
18.0,0.20853121038644984,0.09586774853766077,0.7438714312752073,4.0
19.0,0.9624503040172716,0.17329938518541915,1.5038826232707914,4.0
20.0,0.21629218081512913,0.15576761288055585,0.6385936887750937,4.0
21.0,0.887947252160007,0.22444118345937042,1.1151300210466066,4.0
22.0,1.0,0.0,0.0,0.0
23.0,0.9707793330521556,0.9366825140607743,0.8369882167858358,2.0
24.0,0.16599092411452912,0.16599092411452912,-0.0,1.0
25.0,1.1404788844962643,0.030491720935122386,1.4362395802892705,4.0
26.0,1.0903365404625156,0.165397759927211,1.114869095244086,9.0
27.0,1.023603470830431,0.05235856197123527,1.4816372108130231,7.0
28.0,1.1255549908265594,0.24995633234034445,0.6961572657324558,4.0
29.0,1.2040307868060187,0.16910071177155073,1.9719222435631234,8.0
30.0,1.1250873139808324,0.21328032243958928,1.1383424185182365,4.0
