interval,Zmax,Zmin,q_value,SelectedNum
0.0,1.0829491799987583,0.8263182553662992,1.0155918027394129,4.0
1.0,1.0565128018290666,0.12141638639384135,0.8287593679625554,8.0
2.0,1.1078187814614593,0.12533663949645324,0.5240725786559344,7.0
3.0,1.048101389579842,0.1375021715547751,0.6319030052275384,5.0
4.0,1.0503442076320597,0.16919663998340873,0.6608803972139551,6.0
5.0,0.9482729691461095,0.10808474067871211,0.6310428887464336,4.0
6.0,1.096819698560046,0.11996170334963668,1.1923435345084616,9.0
7.0,1.0042145036191912,0.11782969647111108,0.7815052904161052,7.0
8.0,0.9712011086827891,0.1316530551845481,0.8369882167858358,2.0
9.0,0.9294883467570911,0.4579693357063779,0.8842122480444522,4.0
10.0,1.0769855043051892,0.1296857521407069,1.2753118886872203,6.0
11.0,1.2061169794466435,1.0323228545678884,0.8695118628972152,4.0
12.0,0.882746341228202,0.039161146675316956,1.291849919622074,4.0
13.0,1.306356869226852,0.06226501115920743,1.2355896670789643,4.0
14.0,1.0295498415996627,0.9143601725414391,0.7443282245900826,4.0
15.0,1.0426922044184834,0.1363341649612722,0.5472324406479961,7.0
16.0,0.11378499730436988,0.11150935641411398,0.8369882167858358,2.0
17.0,1.0,0.0,0.0,0.0
18.0,1.162644529973046,0.16338557486057534,0.6356454341553179,4.0
19.0,0.14935979838017596,0.04261923747841995,1.196319766068506,4.0
20.0,0.18087632468973494,0.18048828553480636,0.8369882167858358,2.0
21.0,1.0392490942846326,0.05781546122092743,1.0879254802774865,6.0
22.0,0.35087967629756645,0.24597100643612196,1.4600038283712315,4.0
23.0,0.15656595886140678,0.03750326243866406,0.6944256937871484,4.0
24.0,1.2523917675141276,0.048853185000218895,0.689740036281373,4.0
25.0,1.0,0.0,0.0,0.0
26.0,0.08503707341782073,0.08503707341782073,-0.0,1.0
27.0,1.0414675832256026,0.10441930200159161,1.4593699927613768,4.0
28.0,0.8354980496967126,0.8354980496967126,-0.0,1.0
29.0,1.1117116775532987,0.5112372890448399,1.1160450334009513,4.0
30.0,0.9669653862747364,0.9669653862747364,-0.0,1.0
