interval,Zmax,Zmin,q_value,SelectedNum
0.0,1.2641712405303815,0.8940833483205282,1.2362752555049183,3.0
1.0,1.0504220350614062,0.9156478242714019,1.199776769170636,4.0
2.0,1.216232362049748,0.9511700131506362,1.26502972544189,7.0
3.0,1.1798825695230102,0.2970174956137086,0.6694119338002826,6.0
4.0,1.1290932275312004,0.8986190121034762,0.9883205778986861,4.0
5.0,0.9840855991236884,0.560880839498258,0.6678443105549213,6.0
6.0,1.0738357802292342,0.2962856496002891,0.6978638432880079,5.0
7.0,1.096360640194049,0.778146125794972,0.7841443444562776,7.0
8.0,1.1701300531496865,0.8885639511217341,0.925338091005476,6.0
9.0,1.1047853477508933,0.6725991838644346,0.5882802873310907,10.0
10.0,1.1581572095931023,0.9324728607656549,1.2834401493323577,6.0
11.0,1.2377535169814038,0.26720758322740223,1.9001828387906656,7.0
12.0,1.1537342744629888,0.9129129000963118,1.042575404864858,5.0
13.0,1.066684002179738,0.8050629458566539,0.9024129850125975,4.0
14.0,1.1807443343555841,0.7403579320299138,0.9127671894681626,10.0
15.0,1.1286882426193312,0.24045697553236695,1.242013064085856,8.0
16.0,0.41923626986681534,0.23649055739227823,1.3047293914769411,4.0
17.0,0.8740802190187937,0.3975093322200302,1.0137709496504452,8.0
18.0,1.1570505473978816,0.8061267074514107,1.0193311103633924,7.0
19.0,1.0384465696628207,0.20700885861719134,1.312364815479803,6.0
20.0,1.0906739715225673,0.20439559327783133,0.5330284013708507,8.0
21.0,1.1258648910264706,0.9007394138458175,0.7123793560111472,6.0
22.0,1.2614243028447458,0.7672054796292626,1.0299351930031095,8.0
23.0,1.2482227201953002,0.6194195926531759,0.9227919267691309,6.0
24.0,1.1188471647572644,0.182180259870091,0.9821512020788885,4.0
25.0,1.0,0.0,0.0,0.0
26.0,0.9619265326612709,0.9619265326612709,-0.0,1.0
27.0,1.036312817346675,0.8247294362129769,1.0512486017029279,6.0
28.0,1.0202640461711905,1.002738340603713,0.760746207975984,4.0
29.0,1.0350101990083675,0.9794743181451487,0.8369882167858358,2.0
