interval,Zmax,Zmin,q_value,SelectedNum
0.0,1.0339633153620102,0.6787179740491338,0.6163738042672582,7.0
1.0,0.9530965417568523,0.41106830131505917,1.0866498051353668,4.0
2.0,0.91444912663855,0.4805280443684241,0.7868556118270407,6.0
3.0,0.9762283800101338,0.3452529831055927,0.9083813704577157,5.0
4.0,0.8630282148112784,0.11038222610797284,0.9190753839697222,4.0
5.0,0.12529472899026559,0.04531838853084053,1.0408274359041634,3.0
6.0,1.013445984781197,0.04305035245571102,1.3326442745461524,4.0
7.0,0.11282507876524565,0.05037622929517398,0.8770658386513278,3.0
8.0,0.12597462031346865,0.08426945412430646,1.1891846525416336,4.0
9.0,0.7929572137294318,0.21550895299727346,1.124847684217094,4.0
10.0,0.9700397673410036,0.04367250041690136,1.1033329396615277,4.0
11.0,0.217104245114749,0.08189075946410936,1.5437640155086392,4.0
12.0,0.8264044011441241,0.24597473774397052,1.163023706308256,6.0
13.0,0.16143439001328666,0.11653201256122597,0.6997635238427657,4.0
14.0,0.31779663341831027,0.0576439379848518,1.013609295677861,4.0
15.0,0.20752929056755762,0.0781829178541681,0.8723715578357731,4.0
16.0,1.0,0.0,0.0,0.0
17.0,1.0,0.0,0.0,0.0
18.0,0.2075172661404045,0.2075172661404045,-0.0,1.0
19.0,1.0,0.0,0.0,0.0
20.0,1.0,0.0,0.0,0.0
21.0,1.0,0.0,0.0,0.0
22.0,1.0,0.0,0.0,0.0
23.0,1.0,0.0,0.0,0.0
24.0,0.3000281897613199,0.2786372570505007,0.8369882167858358,2.0
