interval,Zmax,Zmin,q_value,SelectedNum
0.0,0.5492922638525634,0.5492922638525634,-0.0,1.0
1.0,1.0111574862405892,0.2742002926230842,1.1717361674452702,4.0
2.0,0.6489063844087447,0.4972193627219699,1.0816446136590268,4.0
3.0,0.7693791802582561,0.44743765095204485,1.3213089491593806,4.0
4.0,1.100102475304739,0.4608406148464801,1.1555776287549064,8.0
5.0,0.7313122435832593,0.3074527834655666,0.6326637237848075,4.0
6.0,0.9513323786680336,0.4073393932290104,1.380687968637931,6.0
7.0,0.835792585366659,0.6387490337318197,0.8084285102849456,4.0
8.0,0.9715751098056576,0.3004968181443204,1.2982728787490287,7.0
9.0,0.5353048114292027,0.5353048114292027,-0.0,1.0
10.0,1.042044888881993,0.43836646548583413,1.6896495364463873,7.0
11.0,0.7630879295073356,0.5896144256338813,0.7301658302157622,3.0
12.0,0.6432416797553145,0.32745355684187305,0.6944113996360872,4.0
13.0,0.46299394853525677,0.3898997606330901,1.2661934865446298,4.0
14.0,0.725772628917879,0.5034522719971065,1.1294796487232361,9.0
15.0,0.9523347995830197,0.5548815893718029,0.8369882167858358,2.0
16.0,0.5907734684323585,0.28223577589403315,1.0568535412297928,9.0
17.0,1.0,0.0,0.0,0.0
18.0,1.0591895420598398,0.5231041439620882,0.8044744749572674,4.0
19.0,0.6762122160076645,0.4458032114156593,1.3754890017063106,4.0
20.0,0.9267174740001702,0.5178519608953663,1.065806360056789,8.0
21.0,0.45459913930627416,0.442837989049733,0.8369882167858358,2.0
22.0,0.7649342606793557,0.29781860387311004,1.0212863303685222,7.0
23.0,0.9525670536079158,0.49039830635515547,0.7623701150095895,4.0
24.0,0.9510750129070505,0.4788326332587174,1.1183650299803984,8.0
25.0,1.0223888898241345,0.6204442296899627,0.7398704554321809,4.0
26.0,0.9822301049127843,0.4843279985204197,1.3671857832154193,5.0
27.0,1.0303131062597046,0.4620495782948445,1.250324610574386,3.0
28.0,0.6669516465919961,0.4646749258046912,1.0749249302890167,4.0
29.0,1.0,0.0,0.0,0.0
30.0,0.8167583338987978,0.8167583338987978,-0.0,1.0
