interval,Zmax,Zmin,q_value,SelectedNum
0.0,0.9972560068095947,0.18717743401997827,0.9665157107644695,4.0
1.0,1.0743236698003855,0.41291116369633446,0.7839140852226654,4.0
2.0,1.003853496336309,0.18187266719621628,0.6421452660547987,4.0
3.0,1.0907788726136491,0.26412564371125813,1.134262005079389,4.0
4.0,0.7976398446022186,0.362907855994966,0.9670311152200879,4.0
5.0,0.889257336704778,0.381553722989253,1.2801063254531995,4.0
6.0,0.9281150362654994,0.36363080535529785,0.737843995171426,4.0
7.0,1.0018874491800462,0.9959482330373649,0.8369882167858358,2.0
8.0,1.115213801858822,0.4977086236238603,0.7362269662777335,4.0
9.0,1.0341285523978516,0.5116666282619841,1.1498818226707832,4.0
10.0,1.0452450630292418,0.19370024923756138,1.2334025141374614,4.0
11.0,1.0416922506339548,0.3394125318139191,1.0966228441144543,4.0
12.0,1.0117909644914247,1.0117909644914247,-0.0,1.0
13.0,0.6127628868110735,0.1929957044333627,1.205111760086544,4.0
14.0,0.9714252513428617,0.34611889423572373,1.1316885897715223,4.0
15.0,0.9712455243522217,0.18982449117251937,0.9837678225595727,4.0
16.0,0.924821342367919,0.8995069791420125,0.8369882167858358,2.0
17.0,1.1277573600414366,0.136655786660122,0.6809222060072149,5.0
18.0,1.0121275477366571,0.35609487187525884,0.6886510423086116,4.0
19.0,0.9299542319546455,0.29618025296841927,1.147678788848671,4.0
20.0,1.0665850511273225,0.314449474423381,0.9952106330036893,5.0
21.0,1.027111549924895,0.28975717282783575,0.6980318971413576,4.0
22.0,0.9803991913839752,0.8947205558415986,1.0303278967545928,3.0
23.0,1.0833552139006641,0.368361039953304,0.7071630992418342,4.0
24.0,0.9080889214857959,0.9080889214857959,-0.0,1.0
25.0,0.45959579965184805,0.28564436393267184,1.1782898232919257,4.0
26.0,0.3770304083810354,0.2840086270884788,0.8017805067662623,4.0
27.0,0.3731425408043406,0.26927637421247796,0.8369882167858358,2.0
