interval,Zmax,Zmin,q_value,SelectedNum
0.0,1.02549791837145,0.18359926874548926,1.252934010850803,3.0
1.0,0.5854576535861478,0.18689562158760323,1.3833704583271726,4.0
2.0,0.23722936198585257,0.11275779129229618,1.387796677016173,4.0
3.0,1.111078714622653,0.21606240583740774,1.0916466849220687,4.0
4.0,0.9981081168289786,0.14121988412213823,1.2543461349279614,4.0
5.0,1.0254646789883395,0.18143674354769715,1.4471073954094211,4.0
6.0,0.24179840490856633,0.11891353240835685,1.0023038010660108,4.0
7.0,1.0996456541047503,0.16203475041904583,0.7793220097014301,3.0
8.0,1.0164069801712754,0.101869473915099,1.1981930550479616,4.0
9.0,1.052838556480454,0.1888474766062014,0.9152646339754069,4.0
10.0,0.5439174841567463,0.12436594509991977,1.110873441134568,6.0
11.0,0.9126881261645632,0.29813512820266896,0.9045397473597186,4.0
12.0,0.9844786751641387,0.21316237742957225,1.2009881272533467,4.0
13.0,1.0229462478097706,0.18724928164189888,0.9778331944855777,5.0
14.0,1.1289104049812788,0.10496050164715762,0.7944804055045626,3.0
15.0,1.1942138715858617,0.12772471888971568,1.0050786976137385,5.0
16.0,0.5170679129874131,0.1350604017232029,1.5390729770573999,4.0
17.0,1.1708004779041936,0.11378273593796552,1.6798996123093715,8.0
18.0,1.1395258261803756,0.12571367851923546,1.117904338355323,4.0
19.0,1.0593625214776232,0.11355583179086365,1.3624306651830356,6.0
20.0,0.9488465488136543,0.104199207933515,1.5364030689966839,4.0
21.0,1.1428463372290565,0.12346269786873397,1.348474855765138,5.0
22.0,1.0645761315529316,0.12557828157298198,1.1661237535676088,4.0
23.0,1.05712375541177,0.9142826234551359,0.8369882167858358,2.0
24.0,1.0099529253990196,0.11522502514400926,0.6712248108328132,4.0
25.0,1.399071254026229,0.11409615789528378,1.1782800548906072,8.0
26.0,1.0501683062335527,0.1758641040349056,1.0154796406342324,4.0
27.0,1.1683506748399899,0.1493214401516951,0.809251193489635,7.0
28.0,1.0318723911302552,0.09605350825546244,1.5791487746440045,4.0
29.0,0.1174738273697205,0.1152303949351512,0.8369882167858358,2.0
