interval,Zmax,Zmin,q_value,SelectedNum
0.0,1.0839486529132796,1.0649392232347576,0.8369882167858358,2.0
1.0,1.1569342039438082,1.0736106170405841,0.6714651686700459,4.0
2.0,1.397040904247531,1.0978158005470713,1.0684486145308623,4.0
3.0,1.2424358777524804,1.0015047407745363,0.8497084763700228,4.0
4.0,1.3460454822404728,0.9141584973548135,0.7333788465089728,6.0
5.0,1.353456558585893,1.0668700557197695,0.9256563815166717,4.0
6.0,1.399593761828263,0.8542456085765312,0.9309057141376021,5.0
7.0,1.2944426108014615,0.8836281646942471,0.9074407551861563,5.0
8.0,1.3361856575288498,1.1055522441592502,0.9572015845080735,4.0
9.0,1.3092255764400076,1.1032914055367116,1.3163437888841396,4.0
10.0,1.483684396083907,0.9558445309165458,1.0245566472323677,7.0
11.0,1.4453792606247449,1.085736049544836,0.9099159072613773,5.0
12.0,1.2844464521726218,1.0955991205057076,0.8464639347984284,4.0
13.0,1.1382112021333555,0.7915960332765675,0.7565164046454238,4.0
14.0,1.4743119933118989,0.7995407580687746,1.1500503541102614,4.0
15.0,1.1265738396366742,1.117998114647146,0.8188609389862561,3.0
16.0,1.2248743851163058,1.079929289399881,0.8660614909212037,4.0
17.0,1.4149520726728182,0.9652317850463623,1.0587037555196006,8.0
18.0,1.3323135311806626,0.7122339012646518,0.8412581879981567,4.0
19.0,1.5423102230647743,1.0455352708742258,0.9034163832102055,4.0
20.0,1.148992219609768,0.8222420449803254,0.8271573371933942,6.0
21.0,1.2180078596229218,1.0325192395355642,0.8320796983475346,4.0
22.0,1.2695113335738146,0.9894720009005773,0.846308472822396,4.0
23.0,1.0759136347200284,0.07414728041810573,0.8369882167858358,2.0
24.0,1.0,0.0,0.0,0.0
25.0,1.251213225747248,1.1405409174270797,1.1047215170981646,4.0
26.0,1.1239589128801917,0.9766637262000821,0.8197899522307341,5.0
27.0,1.3052487938407533,0.933263355351148,1.207683001464627,4.0
28.0,1.3086084814630154,0.11837228914059371,0.5759588455090197,8.0
29.0,1.3567112886300687,0.08915356239039522,0.6789604008648459,4.0
30.0,1.2723857284939963,1.0316606985465662,0.8369882167858358,2.0
31.0,1.0797698844091268,1.0797698844091268,-0.0,1.0
