interval,Zmax,Zmin,q_value,SelectedNum
0.0,1.0739912130834715,0.8455565310138622,0.7205479993457109,4.0
1.0,1.2646503972984773,0.9521313327691135,1.5947155587028214,9.0
2.0,1.1750603201335401,0.8107247628807049,0.8023787039437411,17.0
3.0,1.1459419865218625,0.8378970696604178,1.1986461639552182,11.0
4.0,1.1609889149379016,0.9048039890870563,1.1236939462643987,9.0
5.0,1.1670955748140426,0.8726862337772656,1.568082721734097,14.0
6.0,1.2327559302115503,0.800261173351877,0.8813454021939571,13.0
7.0,1.2039376973504385,0.7495720633473463,0.9797060416553783,14.0
8.0,1.1782092640890156,0.7788184482322127,0.9373853327569783,14.0
9.0,1.2662785822314626,0.8529049388415391,1.031734141157333,12.0
10.0,1.1650574928263058,0.8393216245052987,0.9574370071290885,15.0
11.0,1.1456992550343301,0.8299543681447289,1.4194330075084145,10.0
12.0,1.183710040992627,0.8019118151512219,0.8159853208421337,10.0
13.0,1.1773412447823253,0.33752218739839257,0.8627633279790482,14.0
14.0,1.5482407730125816,0.8221504176447197,1.4216277657940168,17.0
15.0,1.173149325263724,0.8443392543696028,0.968058274881923,10.0
16.0,1.2212126791575106,0.8329117057311253,0.9176471745107702,15.0
17.0,1.1574318442569995,0.8513266358769191,0.9589393423264991,13.0
18.0,1.2706504968621093,0.8399385437800487,1.1067066389377762,14.0
19.0,1.1287926487336333,0.33403941095911427,1.0190551122815446,12.0
20.0,1.0212845868321656,0.5275158908753427,0.4485846522090198,9.0
21.0,1.1653611177496574,0.33184877159973186,0.9276764720716506,13.0
22.0,1.1443191634845185,0.8603893447448656,0.9876664316345999,14.0
23.0,1.1696901883620738,0.8283311791567393,1.1553296387051115,19.0
24.0,1.02946753386965,0.8359130930019893,0.805997539746836,9.0
25.0,1.072288346693957,0.8381344254520604,0.6892046862042064,11.0
26.0,1.0894495441555976,0.8686642558369587,0.8517701209363568,7.0
27.0,1.4122265837465098,0.862024966948453,1.1188833537117744,4.0
28.0,1.0778045444872688,0.8790430826483112,0.7593751286836506,6.0
29.0,1.069520173018908,0.8950711995001067,0.7027211441332483,4.0
30.0,1.0788051994413024,0.9223664205854735,1.0457368430006515,4.0
