interval,Zmax,Zmin,q_value,SelectedNum
0.0,0.29279590781599796,0.1525432420034351,0.8369882167858358,2.0
1.0,0.9690169962395123,0.17721862165147229,1.2397885113652984,3.0
2.0,0.9855019908277592,0.15560427197677923,1.235827123074504,4.0
3.0,1.1171357530057366,0.20638010314451452,0.9637886546163872,4.0
4.0,0.9510580229719894,0.11588486976996168,1.6262001599521323,6.0
5.0,1.0378500347831232,0.8795006665271301,0.7513479492745002,4.0
6.0,1.0401604522624406,0.219660786921542,0.5777307589228509,5.0
7.0,1.0889938481986585,0.17516113322251242,1.3300471650319408,4.0
8.0,1.1121793829771287,0.14722357493527005,0.7381990454865885,7.0
9.0,0.5813580663118018,0.3182162421255044,1.1565329108437499,4.0
10.0,1.1830175215320442,0.08653333088246588,1.682930051167232,6.0
11.0,1.1028023830559388,0.1528585977258288,1.1817638838456186,4.0
12.0,0.9532323447439263,0.1612995708273635,1.290369853804481,4.0
13.0,1.0208547001807329,0.853378432909517,0.7447700023105878,5.0
14.0,1.030801503139179,0.10563977596188602,1.0729835391919673,4.0
15.0,1.1327704073705152,0.14870067154644717,1.283829063528223,4.0
16.0,1.1092753942239342,0.09604877802296091,1.2942369007497287,6.0
17.0,1.1087751057980186,0.11421258539169998,1.6013875704287546,5.0
18.0,1.1730601083068428,0.4999863760879119,1.1350194583731867,10.0
19.0,0.12241387877831332,0.10294918620520586,0.7686405334126263,4.0
20.0,1.1360544818873375,0.11774446610815054,0.9811016271297514,7.0
21.0,0.2299571632001586,0.1989198597263561,0.8369882167858358,2.0
22.0,1.089574279831348,0.7942559778877116,0.709193081833107,4.0
23.0,1.0,0.0,0.0,0.0
24.0,0.053970161875811426,0.020284565164290287,0.8369882167858358,2.0
25.0,0.18177007379952706,0.08975927013189601,0.6550127969167223,4.0
26.0,0.9854161681172301,0.032399713166492476,1.4242176986913906,5.0
27.0,1.2829216513538297,0.4792900932201372,0.8408874865121813,4.0
28.0,1.1268798437413503,0.11662926205648122,1.079172563488779,9.0
29.0,1.2567616397804413,0.1025599419516391,0.5628443010407919,7.0
