interval,Zmax,Zmin,q_value,SelectedNum
0.0,0.9863009662420583,0.2763288242167154,1.2668758265366216,4.0
1.0,0.5695803661308988,0.15421015692751372,1.2032165826600842,7.0
2.0,0.6792366814384384,0.2662530215344698,1.401894340462465,6.0
3.0,1.1759700681782812,0.25961436315635944,1.3097965231027147,9.0
4.0,1.0546466309176254,0.25244933218767973,1.4440931609610097,6.0
5.0,0.5398836047941128,0.28480585443744555,1.276542470293035,6.0
6.0,0.988630843536625,0.22030160627466971,1.3768900768355132,6.0
7.0,0.85960933687629,0.16657962299325246,1.566250840322909,10.0
8.0,0.7303371091658459,0.18768753341124417,1.3134441927265126,5.0
9.0,0.8755646701792306,0.2476171711947474,1.234103907955696,7.0
10.0,0.5194527404458417,0.13109801941231725,1.053018891696053,7.0
11.0,1.0953008068646448,0.21777366425112488,1.140029832617429,4.0
12.0,1.0094643941206298,0.32357493729242726,1.2380235768947891,8.0
13.0,1.0842641345595434,0.34666501572866937,1.5891373310335997,8.0
14.0,0.8927000261001178,0.19737029777359733,1.475788992002147,6.0
15.0,0.4902758990881697,0.160050546483497,0.8609537631218126,7.0
16.0,1.045139096144973,0.438282820474118,0.9658041214471901,10.0
17.0,0.8076012327476996,0.2507226626829029,1.1641411656364584,6.0
18.0,0.8690571992528815,0.2361770209624096,1.6985047837168812,12.0
19.0,0.9020901988782432,0.20410009342260896,1.4837554803541333,9.0
20.0,0.48781032460793666,0.23232577797944656,0.9531468883762312,8.0
21.0,1.0854464962043893,0.1922683722535787,1.9335309602630109,10.0
22.0,0.5876191659667741,0.19516444612472877,1.3062889029658804,6.0
23.0,1.0,0.0,0.0,0.0
24.0,0.9835750411530748,0.08373498323810642,0.7811477408074635,3.0
25.0,1.0070074655496999,0.2381679129692926,1.4907563173560632,6.0
26.0,1.1681246665987772,0.2344797109404761,1.1052880144519885,6.0
27.0,0.5505726275350665,0.3655099062961896,1.5260340247612443,4.0
28.0,0.9766417878884968,0.24255733065857082,1.1305083119495145,4.0
29.0,0.9652827423091939,0.25759952864321006,0.9978503007835032,4.0
30.0,0.9833450627041427,0.6833005912555937,0.8369882167858358,2.0
