interval,Zmax,Zmin,q_value,SelectedNum
0.0,0.9849808190128279,0.2082189609555048,1.3760055126027162,4.0
1.0,0.9855018610565884,0.1669702221861323,1.7462643048299138,7.0
2.0,0.6231254720546345,0.19034335816520384,1.5452158262419657,7.0
3.0,1.0880028559767012,0.2358870776746584,1.0784970061725354,4.0
4.0,0.8794935661877746,0.33022380582994615,0.7139211130459793,4.0
5.0,1.0241117992725686,0.22415933889373854,1.0364098966235822,6.0
6.0,1.0004871862467526,0.22499586784625228,0.7418899073420622,5.0
7.0,1.0713562784123951,0.2087673955522471,1.0009473032377807,6.0
8.0,0.35383809161742724,0.2014508663214796,0.8091761400293354,5.0
9.0,1.0411372689995222,0.7742956928188851,1.00454178308757,4.0
10.0,0.9693345429396407,0.29918198995860984,1.194857571819981,5.0
11.0,0.8484984702934697,0.21413167414280135,0.7721031458203248,6.0
12.0,1.00710038279139,0.24546093607740888,0.9630010600294732,6.0
13.0,0.8180056071518531,0.19811489788906617,1.3645812890324347,6.0
14.0,0.9367794515339072,0.28843422976636707,1.2335498863505643,7.0
15.0,0.9572210463955342,0.1897322539278883,1.5146413075330452,5.0
16.0,1.033838856478403,0.1882389599970684,1.8099321610120334,8.0
17.0,1.049443977419912,0.2159221066432073,1.0089891789916943,6.0
18.0,1.0342001381543247,0.2250245784311297,0.8292932687742391,5.0
19.0,1.1084125555737134,0.22213421756700047,1.0334542669440803,7.0
20.0,0.9437903310073296,0.2100407543633513,1.30498580713642,8.0
21.0,1.0209241181207682,0.22784273798023716,0.8528622277090703,7.0
22.0,1.0250250617481713,0.260050742080895,1.1521996056388706,4.0
23.0,0.6816355998022209,0.21729915892709056,1.3972502271089957,4.0
