interval,Zmax,Zmin,q_value,SelectedNum
0.0,1.0555497638464282,0.4547916588549202,1.0053942601661752,4.0
1.0,1.209630068580043,0.3612765456862162,0.7628846866130715,4.0
2.0,0.9027811307543617,0.12275442818582252,1.0909983460849004,6.0
3.0,1.0881433209671403,0.14927663071559846,1.1466925953750526,4.0
4.0,1.160190551517825,0.14832935175890807,0.641828546277882,8.0
5.0,1.0653606127685329,0.06127668310809717,0.786894176316846,4.0
6.0,1.0806555418718682,0.05382178215074314,0.6687833048635932,4.0
7.0,1.06042650419567,0.14002203760694507,1.2346375424908187,5.0
8.0,0.11227938610215152,0.06551291706753767,1.091377683451825,4.0
9.0,1.1504206772881078,0.13475707191970687,1.1215893791829057,4.0
10.0,0.162004933365325,0.14979609047133308,0.9657367789369132,3.0
11.0,0.2702785133312407,0.21005064021822362,0.769955408806235,4.0
12.0,0.3089543396587966,0.09057282413123577,0.6339790689962943,4.0
13.0,0.9624661006623862,0.10586897559435073,1.5164735393972344,4.0
14.0,0.15341106153830952,0.14466953472102967,0.7767548442593256,3.0
15.0,1.0,0.0,0.0,0.0
16.0,0.4095895018775633,0.10768194627997506,1.535259060146347,4.0
17.0,0.17790106870738565,0.06373760835498349,0.7804918332999325,4.0
18.0,1.0823806828710052,0.05784620518129186,0.6891469555944195,4.0
19.0,0.07838764707864593,0.07838764707864593,-0.0,1.0
20.0,0.052538109485293166,0.052538109485293166,-0.0,1.0
21.0,0.14191106498754807,0.016931212745360344,1.1072686975385202,4.0
22.0,1.0,0.0,0.0,0.0
23.0,1.0940229484151982,0.020969374246645193,1.1072218496156443,4.0
24.0,0.03880586098812238,0.03254601061877006,0.6347202944917683,4.0
25.0,0.12277646326642018,0.054653546030192644,0.8369882167858358,2.0
26.0,0.059461376160003084,0.029750447383821484,1.1172682529826334,4.0
27.0,1.0,0.0,0.0,0.0
28.0,0.05493743045663974,0.05493743045663974,-0.0,1.0
29.0,1.0,0.0,0.0,0.0
30.0,1.047055937816603,0.12900961889036108,0.6734943898817938,4.0
