interval,Zmax,Zmin,q_value,SelectedNum
0.0,1.0726618193900421,0.8497572534801675,1.1071635248378808,4.0
1.0,1.0383495584776057,0.8546930957918604,1.1050283965072214,7.0
2.0,1.104093340468049,0.8450073065374171,0.9935547257680086,7.0
3.0,1.1646234961623523,0.8500398451037658,0.8488215646787474,6.0
4.0,1.092024034909684,0.09395897724495905,0.48225689677015027,8.0
5.0,1.1432485929615848,0.7322206174237107,0.8476000343665845,7.0
6.0,1.0588782180166394,0.6480809579721474,0.7466079897916752,6.0
7.0,1.0003875101681752,0.8228488945707627,1.2730655934232256,4.0
8.0,1.061828079076506,0.8913703206025344,1.051372867671483,8.0
9.0,1.0475539763873947,0.8069602038014926,0.756506018392592,4.0
10.0,1.1459391334669176,0.013361593706150062,0.6910513603172141,4.0
11.0,1.094952810152446,0.8436668261447932,1.1783324009136393,8.0
12.0,1.0946710271407043,0.790133825304222,0.9719319458046751,6.0
13.0,1.1274670462990886,0.07866409862562825,0.7004514237733029,4.0
14.0,1.0616576959535418,0.106665422422297,0.6597833809439686,4.0
15.0,1.1206058541079291,0.7206237855848387,0.9249602707278475,5.0
16.0,1.0,0.0,0.0,0.0
17.0,1.203823662404597,0.050348800983104534,0.8487798876073125,7.0
18.0,1.0864922062530804,0.7599232435420583,0.7409784371282091,9.0
19.0,1.305701421540636,0.08674909166119424,0.7008181878463127,7.0
20.0,1.0126667011145736,0.25398429560559643,0.5987258459900365,5.0
21.0,1.0405681568167335,0.714285010956846,1.1173656045332423,5.0
22.0,1.0975024659409642,0.7198879375371913,0.8212254571346258,4.0
23.0,0.9931817403022646,0.021981790476626524,1.0798896801375533,4.0
24.0,1.0426677979677033,0.7337013649798477,0.7279473954575905,3.0
25.0,1.0859484610578642,0.07037327630330106,0.6753770039964327,4.0
26.0,1.0412412841191359,0.08694047237815006,0.6796429063000576,6.0
27.0,1.1918478506095587,0.8541489819077149,1.3160952749222063,8.0
28.0,1.2807223221954671,0.8800716192668125,1.6406722638442495,8.0
29.0,1.092785782223968,0.09871791056444848,0.4741918748325841,10.0
30.0,0.9787722798681752,0.16143511842525934,0.5025305502425271,6.0
31.0,1.09765328214608,0.8287811294235767,0.9027294590433372,4.0
