interval,Zmax,Zmin,q_value,SelectedNum
0.0,0.9797901674799062,0.4976381186609938,1.2088726738526647,6.0
1.0,1.1435664790351356,0.3034244778259149,1.415571048265516,8.0
2.0,1.049297852089391,0.26652347510691765,0.7306008615846323,4.0
3.0,0.9085944249276319,0.24288399422027923,1.2352219980346444,6.0
4.0,0.9991695534020574,0.3999033577322411,1.209913736601388,5.0
5.0,1.0559497220922431,0.40774124442664506,0.7555984074969471,7.0
6.0,1.0522976057556306,0.28362011055162434,1.179372630890144,6.0
7.0,0.9229189052757234,0.721042564787376,0.8857860785234262,5.0
8.0,0.9518086164354624,0.3031932107357409,0.7927066664054461,4.0
9.0,0.968999873643643,0.5669542642366212,0.7466789267221431,5.0
10.0,0.9972175778239287,0.24441633494504805,0.9646284668762849,5.0
11.0,0.9700226000655416,0.2474302390007125,1.7233065193378891,9.0
12.0,0.5809942550458554,0.3026282392251616,0.9253320997055543,4.0
13.0,0.8543299451901832,0.2972909477740731,1.4385531022063205,6.0
14.0,0.9924880504163077,0.3043517841491263,1.3523388344316252,5.0
15.0,0.3299578968729997,0.19134449885321975,0.934606297932324,4.0
16.0,0.24741094684353687,0.11586414089751815,1.2224416630455028,4.0
17.0,0.17489313767596576,0.09748738209744424,1.4605929082248077,4.0
18.0,0.08733655723829531,0.07783515071866907,0.7616101771989101,4.0
19.0,0.07969324426923768,0.0654131179841447,0.8338364139879217,4.0
20.0,0.11091570054238238,0.07953471717952852,1.064930663019529,4.0
21.0,0.09411151200846435,0.07109567287278397,1.2052153581757317,4.0
22.0,1.0,0.0,0.0,0.0
23.0,0.05529617743053109,0.05323922559139994,0.8299968163138449,4.0
24.0,0.04642717631301066,0.04184413484448038,1.080958500175675,4.0
25.0,1.0,0.0,0.0,0.0
26.0,0.041425846689944486,0.0316140200171234,1.1065503172927924,4.0
