interval,Zmax,Zmin,q_value,SelectedNum
0.0,0.8574510541659764,0.8574510541659764,-0.0,1.0
1.0,0.9769824170000463,0.9239071236141014,0.7752167211146795,4.0
2.0,1.2322794031341682,0.8012099146769561,1.1998368039121234,6.0
3.0,1.0716402700928995,0.8589170388418187,0.8802649712670044,4.0
4.0,1.0841867782715462,0.9032134633862161,1.2239055311512657,6.0
5.0,1.023042653359967,0.8862675165060556,0.667348377823481,6.0
6.0,1.1637213711183936,0.9412420674241475,1.3002131743846315,5.0
7.0,1.1518271015173014,0.9820811459254981,1.3400464214261145,4.0
8.0,1.1636599790312865,0.9363183112400013,1.4358391732244342,9.0
9.0,1.0895414185850618,0.863343952689438,0.8716091042432822,6.0
10.0,0.9632688037693427,0.9295422987098438,0.8034142747592994,4.0
11.0,1.1855959632741842,0.8810284612982117,1.16334353564486,6.0
12.0,0.9911271156377046,0.863769558740618,0.6476150123670235,6.0
13.0,1.07278235967433,0.890666212011325,1.1647032171659557,4.0
14.0,0.9758309471626843,0.948157550012531,0.8369882167858358,2.0
15.0,1.1724794412514776,0.8308694884654186,1.3502026296207166,6.0
16.0,1.1967484138307436,0.8822671035233388,1.2509662930654057,6.0
17.0,1.0815511467874148,0.7482617307087298,0.8230083881880307,4.0
18.0,1.079307904305219,0.8913422769873938,1.2215840919542194,6.0
19.0,1.0895306676547363,0.9625808615192248,0.9086766569959494,5.0
20.0,1.0068648697777174,0.938335893056294,0.8616761764477441,4.0
21.0,1.11309897907523,0.9252899857145158,0.9476871785927976,9.0
22.0,1.11101481109773,0.9706448276044333,0.9355181676848547,4.0
23.0,1.1122676964551095,0.8646156860599218,1.0003869587029617,5.0
24.0,1.0312048090194195,0.8810349712953414,1.099011295398904,4.0
25.0,1.101844274161973,0.8321039356298394,0.8034438494047501,5.0
26.0,1.077649369246203,0.8207034534939818,1.016472394973558,4.0
27.0,1.0330393748064783,0.9680196484095855,1.265193830858982,4.0
28.0,1.0134372472095623,0.8995188053747721,0.8753207020779425,4.0
29.0,0.9778949815620478,0.9778949815620478,-0.0,1.0
30.0,1.0239843044233508,0.9304273413768205,0.8369882167858358,2.0
