interval,Zmax,Zmin,q_value,SelectedNum
0.0,1.0211236631178968,0.5547176035725924,0.8369882167858358,2.0
1.0,0.9182643950220347,0.31012781590084637,1.4733962604054789,4.0
2.0,1.143513291216811,0.27058512468318,1.482526261631717,6.0
3.0,1.103353417948242,0.29765191276782704,0.9794851546672987,5.0
4.0,1.0670274469242982,0.20439977035907775,1.0293220988664011,6.0
5.0,1.1271877191529085,0.19194899698314802,1.7277229076141059,7.0
6.0,0.9816318672680596,0.2098588064733035,1.0743934532414239,4.0
7.0,1.0843736707275233,0.22573611232745625,1.3375211039061448,7.0
8.0,0.9566714904953535,0.243882737619522,1.5863095670166052,4.0
9.0,0.9869513022365785,0.2295728427762762,1.3629943108037097,6.0
10.0,0.9282023944046173,0.20797834207457055,1.252000820900498,5.0
11.0,1.1244992556310176,0.228045691479796,1.279181896398313,6.0
12.0,1.1067130223667625,0.2105235760544102,0.6016023947389751,6.0
13.0,0.39146263133995773,0.26141830737813987,0.7395486477556051,4.0
14.0,0.9060729063931049,0.1347755218333683,1.5936197232680283,6.0
15.0,1.1697173836209096,0.1829454132538622,1.116052841835393,4.0
16.0,0.8779891103835671,0.28626450251426255,1.0586405128024838,6.0
17.0,0.5934062206366969,0.1284181136287551,1.053240205381123,6.0
18.0,0.22596774136874598,0.049987851371598946,1.4748398172444084,4.0
19.0,1.1197960759457528,0.24371485883004076,0.9841458489277406,8.0
20.0,1.0424635111180935,0.17940442187625427,1.4405628362345644,4.0
21.0,1.1935258127598727,0.25004919057413055,2.0831460807147835,8.0
22.0,1.0508865484216976,0.2171358458462616,1.1391639200176242,4.0
23.0,0.8325718914443181,0.20862041106804943,1.1050450939429939,4.0
24.0,0.09418651535883056,0.06717678735512779,0.9285825905216094,4.0
25.0,1.0886714564987987,0.22225967553734063,1.3757848723397874,5.0
26.0,0.7931669343603506,0.21232454536008843,0.989928679990326,5.0
27.0,1.0699254972796701,0.23719589949731149,1.3863298949474512,5.0
28.0,1.0474872859773168,0.25302718720404394,0.6680820754173327,4.0
29.0,1.063875150676005,0.9272686370868098,0.9860367418883873,4.0
30.0,0.9140635876053628,0.9140635876053628,-0.0,1.0
