interval,Zmax,Zmin,q_value,SelectedNum
0,1,0,0,0
1.0,1.014390406908898,0.9580028668754578,1.071276513285032,4.0
2.0,1.013026221581984,0.1658245323056896,0.9480527655141132,8.0
3.0,0.9287418596792933,0.263585113005676,0.9373800516320873,4.0
4.0,0.9475391338152538,0.3164214952852945,1.603373507065736,7.0
5.0,0.9726710791719202,0.2732585492102271,1.4344266927465328,4.0
6.0,0.36250774761545146,0.20030161337648072,0.8464558961673648,6.0
7.0,0.6665405728795422,0.21501237683062246,0.741451771104746,8.0
8.0,0.9532151267085183,0.2754863496688789,1.1046628802956149,4.0
9.0,0.9950603049064287,0.20465292989139558,1.383098911049169,9.0
10.0,1.033029545057292,0.19071260276914653,1.3397165252508405,6.0
11.0,0.9225715619588306,0.2452754476071926,1.0940437887178194,10.0
12.0,1.2358844338074364,0.16623691287645173,1.5558152224181954,10.0
13.0,0.9213449192622534,0.3729117365719963,1.4851439957645005,4.0
14.0,0.2558217340872897,0.12065201531998646,0.9210102610663919,4.0
15,1,0,0,0
16.0,0.9570335522651382,0.2161487048814862,1.7458491201305075,7.0
17.0,0.6359826740927293,0.2515606837360513,1.077526137328095,6.0
18.0,1.213211017572585,0.08662088259886054,1.683774393861265,8.0
19.0,0.7123964168330397,0.1070619152070983,0.8771766703366016,3.0
20.0,0.961813055480236,0.13919401050067304,1.4686328697699589,4.0
21.0,0.767705641222424,0.12327967503989598,1.6352999139510958,6.0
22.0,0.08929860399358472,0.041652165542409324,1.2722767430541058,4.0
23.0,0.6484253176663933,0.21619586836528282,1.3434715784603362,7.0
24.0,0.710146477664238,0.16188135199809225,1.3512168227520005,6.0
25.0,1.225620743990156,0.2508208830563925,1.309734529361058,6.0
26.0,1.040553065685136,0.20336633656229589,1.662471195910447,8.0
27.0,1.0437928109043362,0.19825649821297092,0.7513688075093327,4.0
28.0,0.9512862718855749,0.3365103232509608,1.2132118667498677,4.0
29.0,0.87692272771195,0.3490501035959135,1.4934086803764348,4.0
30.0,0.2906901688934651,0.22404040670908745,1.2261373958133974,3.0
