interval,Zmax,Zmin,q_value,SelectedNum
0.0,0.8632209698955504,0.8458481435262076,0.8369882167858358,2.0
1.0,0.992776997245235,0.8143761162672376,1.2191439703606102,4.0
2.0,0.9271026850303871,0.6169514118170298,0.7118808276691099,4.0
3.0,0.9273634395778158,0.19366923110040368,0.9722316298092251,4.0
4.0,0.8634147495938137,0.2442543098162698,0.8630126640708271,3.0
5.0,0.978257394556316,0.4392306146216998,0.6969033959276563,4.0
6.0,1.0212441020235665,0.9714675584619938,0.7896602005081125,3.0
7.0,0.9613682989502014,0.06300697095288474,1.1166359371709145,4.0
8.0,0.5801930622466764,0.16380845269508826,0.9653660613925278,4.0
9.0,0.9322344404300458,0.2693399419288212,1.0242733167599156,5.0
10.0,0.9538646061284346,0.3830549282996921,0.6729312761328219,4.0
11.0,0.8197563127025862,0.14141962716739429,0.5628009835332924,5.0
12.0,0.35954646027987913,0.05587016823388639,1.0017841830776752,3.0
13.0,0.831971216071538,0.831971216071538,-0.0,1.0
14.0,0.9882263445332883,0.6908064632052113,0.937746305565716,4.0
15.0,1.0110793028109093,0.15582107991517585,1.587754621325117,4.0
16.0,1.0254498353280608,0.2532333782274721,0.7164154142001512,8.0
17.0,0.9038114622987463,0.5654145738599455,0.9689014677617134,4.0
18.0,0.9043327440147777,0.12877644003303862,1.0719138606861025,4.0
19.0,0.9734066897253064,0.18833714782703956,1.0396925220244984,5.0
20.0,0.8388513430703018,0.8388513430703018,-0.0,1.0
21.0,0.8697399517553528,0.12564782257272758,1.193174707763044,4.0
22.0,0.1364869463498489,0.08906844089913783,0.7973766270628665,4.0
23.0,1.0,0.0,0.0,0.0
24.0,0.9481637335456135,0.5964073020003317,0.6765397403390566,9.0
25.0,1.0100190724512086,0.2444845400787749,0.8671658650118621,4.0
26.0,0.9402158097972976,0.8534737197240665,0.8369882167858358,2.0
27.0,0.8873564773363519,0.4374678666802069,1.1307880902716376,3.0
28.0,0.7132992008929484,0.7132992008929484,-0.0,1.0
29.0,0.9290111020849723,0.9290111020849723,-0.0,1.0
