interval,Zmax,Zmin,q_value,SelectedNum
0.0,1.199723198372022,0.9559775161797369,0.856858031534971,4.0
1.0,1.0142228638008979,0.8809080167133925,1.0890796329303793,7.0
2.0,0.9768275528333362,0.8430813870106353,1.12736650870891,4.0
3.0,1.0800621623258002,0.8635671929623425,0.9710146632829755,8.0
4.0,0.9893292040784897,0.908549180287102,0.6922881580474707,4.0
5.0,1.099895032002602,0.4018767269838417,0.5360682005243537,8.0
6.0,1.0732186226970766,0.8796425543074052,0.8788773192745875,7.0
7.0,1.25282827203126,0.6968142726486001,1.0612422418164043,6.0
8.0,1.082766247139425,0.8807811760604112,1.0247636187558073,6.0
9.0,0.9896743638769415,0.8255284680322733,0.9618144907233493,4.0
10.0,1.002334541087723,0.9005996890787893,0.6513452116494968,4.0
11.0,1.1144843309817913,0.9113502455236312,1.137712356545436,5.0
12.0,1.079365833785583,0.9692517945749347,1.2273052694341395,4.0
13.0,0.9673692958433873,0.023431456322800602,0.623392867845219,4.0
14.0,1.0956258139101256,0.921860018377388,0.9121882616303965,4.0
15.0,1.1805645672120795,0.43679283143610304,0.6834815271275945,4.0
16.0,0.9716546754695439,0.03376627003714116,1.2548772110037316,3.0
17.0,1.2146141047742611,0.3397721405124847,0.7851863282447584,3.0
18.0,1.0,0.0,0.0,0.0
19.0,0.8905656959853998,0.017760495544838033,0.9674752435413568,3.0
20.0,1.0869317563017808,0.85585039133299,1.6115076440512925,5.0
21.0,1.1713533820068562,0.09692640558834095,0.8369882167858358,2.0
22.0,0.8666217911920866,0.8666217911920866,-0.0,1.0
23.0,0.9977862805944974,0.8332761392530764,0.9071774729519576,4.0
24.0,1.0471862931084996,0.017462594663130673,0.8369882167858358,2.0
25.0,1.1205021190910855,0.29542558094851584,0.7448915039177982,4.0
26.0,1.0,0.0,0.0,0.0
27.0,1.0,0.0,0.0,0.0
28.0,0.9777629226603676,0.9777629226603676,-0.0,1.0
29.0,1.0,0.0,0.0,0.0
30.0,1.0944888619338058,0.9204257684164293,1.331833506058917,4.0
