interval,Zmax,Zmin,q_value,SelectedNum
0.0,1.0374444682302262,0.2176223997640778,0.7256871256950869,3.0
1.0,0.28189816881103286,0.16632305160376223,0.9935158156890107,4.0
2.0,0.21082625395076415,0.12048277059937705,0.920097312019568,4.0
3.0,0.4834726307382132,0.1070505414798312,1.1274371728776633,4.0
4.0,0.8809650545906945,0.1879312925800628,1.893331585998885,8.0
5.0,0.1811925666262079,0.1119263132697515,0.8557138900882152,4.0
6.0,0.8999061997543,0.28592542464249304,1.2654392570454933,5.0
7.0,0.8838068422171333,0.08805709546400076,1.0520104858686186,4.0
8.0,0.35460108226379855,0.05438643809262869,1.0968201172616359,4.0
9.0,0.44307142067708316,0.18553199543298227,1.1493020143688193,4.0
10.0,1.099718983227099,0.07766047998997926,0.9082814671064859,3.0
11.0,0.6140355065503824,0.21362218394784924,2.026819907074081,8.0
12.0,0.2303788773127231,0.11187066063112067,0.635393842233891,4.0
13.0,0.22868304017133448,0.2139884062399295,1.0161483138156724,3.0
14.0,0.26089100302645124,0.09763798342541839,1.1079485629009946,4.0
15.0,1.0,0.0,0.0,0.0
16.0,0.14448377248308814,0.11177183538400526,1.1368386320264146,3.0
17.0,0.479829933898166,0.11246216527344419,1.1807963610334649,5.0
18.0,1.0,0.0,0.0,0.0
19.0,0.1969478003175496,0.1262947311882548,1.2589587301786505,6.0
20.0,0.1365803300908611,0.08336473348226929,1.1090847534703232,4.0
21.0,0.1768219828855428,0.123342308422334,0.6362371849243833,4.0
22.0,0.4291925938851307,0.08714443335810658,0.8369882167858358,2.0
23.0,1.0,0.0,0.0,0.0
24.0,0.1311818707761425,0.04906360159608113,1.3326076408296692,4.0
25.0,0.240603601131582,0.239363680291546,0.8369882167858358,2.0
26.0,0.06503757539483127,0.051966619481873484,1.1724582699863606,4.0
27.0,1.0868448138803661,0.2027635478297251,1.2591358672083355,6.0
28.0,0.9993383031174984,0.4953576427158916,0.7452183337304039,4.0
29.0,0.4021866575948308,0.3000360515079449,1.1020211787123584,4.0
