interval,Zmax,Zmin,q_value,SelectedNum
0.0,0.9992376407266951,0.8691812193957374,1.0802968542270182,4.0
1.0,0.9012249958118832,0.1868146766204746,1.5677762019753216,5.0
2.0,1.0053773075666965,0.7940875575636854,1.2320359125602123,4.0
3.0,0.9804351784478407,0.09821653958442106,0.9887804878108986,5.0
4.0,1.0106563802982422,0.1395173743921806,0.6987630129446698,4.0
5.0,1.0167257995152894,0.294809489668199,0.8593637967226799,6.0
6.0,1.160750790326663,0.3268993219414066,0.8060895856292302,8.0
7.0,1.1737829967094877,0.12665261995070048,1.1983717561920888,10.0
8.0,1.0364171037242114,0.1345635027786388,0.4893362023843373,8.0
9.0,1.045298010210271,0.771649145981267,0.7653324653902904,4.0
10.0,1.0819092206118164,0.7453329220630441,0.7939863434308232,5.0
11.0,0.41696235015717165,0.15090137921102426,1.3212076124860064,5.0
12.0,1.0591330925948175,0.07650106792802017,0.5596913951919871,6.0
13.0,1.0479822827294418,0.30385956166495226,1.0145454979261974,5.0
14.0,1.1472390632987972,0.04277021758819255,0.9233349732550167,4.0
15.0,1.0686689265781384,0.11501845233869916,0.6632541446346332,4.0
16.0,1.0317728301792157,0.146562028343105,0.7163444152219595,4.0
17.0,0.9590335154105917,0.12863065703708756,1.1043503534537416,4.0
18.0,1.0003007560280597,0.09245320100260888,1.1387127855568218,4.0
19.0,1.1684555411105102,0.14825970346088946,1.0411473745618753,4.0
20.0,0.24266199202962127,0.05000983014710989,1.3401205356740877,5.0
21.0,0.3113032224503465,0.13192157370647264,1.4417070219402326,6.0
22.0,0.9314873241888394,0.09684427587261817,1.5190106103503216,4.0
23.0,0.21605829729418952,0.21605829729418952,-0.0,1.0
24.0,1.0691911185833696,0.1765063310667702,0.7195927839939907,3.0
25.0,0.8689661528010574,0.045047311574961856,1.40572664756297,4.0
26.0,0.9905453924343661,0.0689518218949457,1.147959184998024,4.0
27.0,1.108359822324436,0.05372431843591469,1.6230841523465014,5.0
28.0,0.962446317285321,0.14013409756351242,0.9558155898695138,4.0
29.0,1.194376565153203,0.10439066979663034,0.9265779318159113,7.0
