interval,Zmax,Zmin,q_value,SelectedNum
0.0,0.903152067555998,0.3155906068042275,1.348471745124272,4.0
1.0,0.6176206003280319,0.2298384701078977,0.9708691204965451,5.0
2.0,1.13975880689539,0.21264003210506743,1.4328392231308247,4.0
3.0,0.6458239440135874,0.23093552611685095,1.3603987508204738,8.0
4.0,0.5810376729348188,0.2759566255449034,0.9919124791519913,5.0
5.0,0.8339630026705636,0.1920054019152025,1.1966642056750334,7.0
6.0,0.993064136364673,0.23394643463184486,1.9899595398428602,10.0
7.0,0.9269269349125348,0.20563915737000243,1.515782893715081,6.0
8.0,0.7853005877845567,0.24715980605582372,1.562578168840707,7.0
9.0,0.9059239751939425,0.1968800191706429,1.5194850985934392,8.0
10.0,1.0549049808446083,0.21335737238467428,1.2305101687028603,9.0
11.0,0.9303556269979107,0.2428548108358157,1.1031506061921295,5.0
12.0,0.23594457947123998,0.2023490658116814,1.443318277439518,4.0
13.0,0.5412900388862248,0.20173426949103698,0.9924931587590613,5.0
14.0,0.6781762107122562,0.1862079770749886,1.1901817610230983,7.0
15.0,1.0871311296686683,0.17285347806598955,1.788884414540717,6.0
16.0,0.5755951265928356,0.22526528928067535,1.3140528763023747,5.0
17.0,0.1293912698110993,0.10451249002696206,0.8017291103027396,3.0
18.0,0.2603695073736998,0.1292743901178766,1.247582692055502,6.0
19.0,1.0539777343593726,0.2912266342357845,1.2562125009074425,8.0
20.0,0.8159764291308391,0.20224619977447628,1.3680853667887747,4.0
21.0,1.0,0.0,0.0,0.0
22.0,0.11323921591239218,0.09383437528937828,0.8004495914660099,3.0
23.0,0.2522832406521275,0.11756275220035689,1.3531044963194443,6.0
24.0,1.0,0.0,0.0,0.0
25.0,1.0,0.0,0.0,0.0
26.0,1.0,0.0,0.0,0.0
27.0,0.6193442497765832,0.30601040190545536,1.1485221568939843,4.0
28.0,1.145708019719835,0.3649882794176211,1.05241463220145,5.0
29.0,0.42841933397974896,0.24803928394332592,0.8369882167858358,2.0
