interval,Zmax,Zmin,q_value,SelectedNum
0.0,0.9682650734671399,0.9682650734671399,-0.0,1.0
1.0,1.0499964098316352,0.8947256845906653,0.772985494331188,4.0
2.0,0.9759191184864042,0.7956479318001584,0.8055394520754614,5.0
3.0,1.1232842241787422,0.8786177695500327,0.8630734485068359,7.0
4.0,1.0354895123087338,0.8854001350902441,0.9013931188475071,8.0
5.0,0.9616303587221984,0.7361113896186579,0.7519771144917752,4.0
6.0,1.1315254729094606,0.9114836680146157,1.6018686872227874,6.0
7.0,0.9685743237235596,0.6462234288425008,0.7751263075624094,4.0
8.0,1.1141297491886304,0.7926722349903598,1.0660241947386004,8.0
9.0,1.0287857051887792,0.8367383935795786,0.8753383048474117,4.0
10.0,1.0957663524617576,0.9134124980482886,1.2461781129855476,10.0
11.0,1.1127280432995608,0.8052377290121446,1.0918098176594744,10.0
12.0,1.0749770254661948,0.8588708933985604,1.2183201339738128,10.0
13.0,0.9465609584604545,0.8360706003751823,0.5965905664036851,6.0
14.0,1.0730979498331426,0.9001742321625361,1.1541751597937395,8.0
15.0,1.1182596237015894,0.7973256026572707,1.0379839696589441,6.0
16.0,1.1492450922399966,0.9516782669899629,1.2837041478231412,6.0
17.0,1.2449402614179907,0.9089881590762939,1.542038534541802,6.0
18.0,0.990451186677646,0.8116197290347156,1.2441896602736358,4.0
19.0,1.0446925104702045,0.888213068658821,1.0609250809478472,5.0
20.0,1.2204334289467835,0.8019149875479445,1.7768177083729277,8.0
21.0,1.099060046032403,0.9128980378577979,1.089194463198427,9.0
22.0,0.9533237839389085,0.7838533810755364,0.8369882167858358,2.0
23.0,1.012124563506577,0.9095984365336006,1.3373114979664669,6.0
24.0,1.0943884225080607,0.8780162286082932,1.1205165078031518,4.0
25.0,1.0324418720065427,0.8801198371484118,0.8829300623856624,3.0
26.0,0.9861054722675218,0.9604414963406963,0.8756817855360829,4.0
27.0,1.1576070990499856,0.8149645242976862,0.7659524268373868,4.0
28.0,1.1519447288863973,0.8660504111931293,1.1829109204990111,7.0
29.0,1.1397100566828817,0.890652086101118,1.065854174325621,4.0
30.0,1.1356406915620596,0.8151713816268901,0.7831167077109027,4.0
