interval,Zmax,Zmin,q_value,SelectedNum
0.0,1.0959302249499199,0.9250103310120626,1.0799533977914433,3.0
1.0,0.9731228033776249,0.15165620393855167,0.7274015569024326,3.0
2.0,1.0350814221308327,0.1451109802347645,0.6447999241596648,4.0
3.0,1.1089955046399556,0.1389749250820305,1.3214203033230778,6.0
4.0,1.0792502958454928,0.146193922573356,1.0202146788897928,5.0
5.0,0.9092088586262504,0.15753130064287038,0.579516126283608,5.0
6.0,1.0993123653219465,0.18490049570031178,1.0675698546322927,4.0
7.0,0.13265624517783842,0.04348241618818474,1.0751598623567333,4.0
8.0,1.0289722162113304,0.9032706031057919,1.2008693192686644,5.0
9.0,0.9936273763187022,0.08133705533435859,0.8369882167858358,2.0
10.0,1.143342253163861,0.14711163109682704,0.9213998390740679,8.0
11.0,1.1479538179637614,0.16169201926485374,1.0778492418055254,4.0
12.0,0.03913361758400455,0.036245653430934215,0.9332397428235643,4.0
13.0,1.1329166334423761,0.16646847156332398,1.5879945460190887,6.0
14.0,0.14725659689221665,0.05347022520161303,1.4564587090822463,5.0
15.0,1.048342848291388,0.07424267270106015,1.5874050672355224,4.0
16.0,0.8137713322710676,0.16486434958283241,1.468937836543934,4.0
17.0,0.18890976802291107,0.18890976802291107,-0.0,1.0
18.0,1.2842503512974393,0.21015828102687656,1.1199517252238684,4.0
19.0,1.0,0.0,0.0,0.0
20.0,1.20713565144295,0.07454032094117122,1.4670234851884776,4.0
21.0,0.9602779736060109,0.12981168336354584,1.5079342519772672,4.0
22.0,1.2164939011716518,0.14158751030273728,0.6735621414307086,4.0
23.0,0.9961258642520934,0.12863975990302293,1.35542778159908,6.0
24.0,0.3690499412761165,0.16394006889518556,0.7691800933650306,4.0
25.0,1.2700093926179512,0.20908040771223926,1.138024632130457,4.0
26.0,0.9700300518353738,0.10932530841144833,0.6648387688286034,4.0
