interval,Zmax,Zmin,q_value,SelectedNum
0.0,1.0188390049423717,0.5153443717479645,0.8369882167858358,2.0
1.0,1.0858957418085997,0.9261894249600391,1.149595428769654,4.0
2.0,1.02319050117968,0.19403544755901794,1.5264907460511576,6.0
3.0,1.072204298715803,0.15769997468671562,0.9852334749472726,6.0
4.0,1.0055637212545978,0.14069554436787585,0.7649970214421615,5.0
5.0,1.037648855482785,0.20212639752990877,1.218113471304603,6.0
6.0,0.29332630627892214,0.19355881083038295,1.0715539493900894,4.0
7.0,0.9733387435859829,0.13225793224947413,0.9807847315958369,5.0
8.0,1.0234516023870879,0.16345984277984668,1.285308262223513,4.0
9.0,1.2282939569401052,0.25181121399954165,1.284614320055851,5.0
10.0,1.09158595599367,0.20162481580950903,1.0430964380034022,4.0
11.0,0.9371880017001877,0.2291720141641684,1.1219081120423338,7.0
12.0,0.7398267750168823,0.25780533156408386,1.1304258306627601,4.0
13.0,1.1223502578775262,0.17928063956298967,0.9384094623794578,6.0
14.0,0.8634888031345953,0.21530309214500032,1.159352891096828,5.0
15.0,1.052017525368242,0.14330778662611804,0.8081855195428007,4.0
16.0,0.8516331464956527,0.08240530804197783,1.3456874675351203,4.0
17.0,1.0819920895610964,0.48636503764374867,0.9181364054958255,5.0
18.0,1.087502936846902,0.16417415451060838,1.5992284846135796,6.0
19.0,0.14099989504293564,0.10660818773328122,1.4808897310125557,4.0
20.0,0.8444309035629682,0.32182862140808716,0.6370934006104307,4.0
21.0,1.121574353207009,0.10520806958370546,0.9819069714557573,4.0
22.0,0.9305855329223834,0.2387854045097018,1.0915851632586842,4.0
23.0,0.24306685261337307,0.11116519686544923,0.864688827392351,4.0
24.0,0.046157399259981226,0.040131635820710915,1.4356465880131528,4.0
25.0,0.9426983033523992,0.08101214090938637,1.4093461092751332,4.0
26.0,0.22336960163995953,0.20113556516209338,1.6733687591895354,5.0
27.0,0.22622973528929116,0.22339102250077955,0.8369882167858358,2.0
28.0,1.0343366084947259,0.9141021849232494,0.7426965325931237,4.0
29.0,0.9564934979082931,0.9537877449272986,0.8369882167858358,2.0
30.0,1.035905451113828,1.035905451113828,-0.0,1.0
