interval,Zmax,Zmin,q_value,SelectedNum
0.0,1.0297679576432295,0.42871708198453895,0.6941183473365716,4.0
1.0,0.960504828964028,0.276884547815329,1.4570932984040452,6.0
2.0,1.1325260983455714,0.19010156101206582,1.0163855146020178,6.0
3.0,1.2102708247952743,0.19616872704677255,1.4040645642684546,8.0
4.0,0.9256854506564544,0.30982327665981885,1.5572247337023872,8.0
5.0,0.8872233079449504,0.3036451323326,1.7988801821487503,5.0
6.0,1.1280939826696903,0.3842913276429778,1.1442384830662646,6.0
7.0,1.1858243635344685,0.19979863402491788,1.5386433411492466,8.0
8.0,1.1399337902627669,0.2950970514146053,0.9822961256852519,6.0
9.0,0.5822043342401017,0.29636551624892676,0.7645593734687581,4.0
10.0,0.9918168329324163,0.28278794532652946,0.7557867933669059,7.0
11.0,0.3636950780294556,0.2126513431807384,0.7463845581390626,6.0
12.0,1.0905770713758507,0.21863138597658005,1.5163977501558104,10.0
13.0,1.129335930564082,0.2117332337507174,1.7674732218870826,5.0
14.0,0.9052554930235467,0.22399849717426273,0.9683495846636976,4.0
15.0,0.9309774873543087,0.2794748595223715,1.0077331335991595,4.0
16.0,0.5551814805565096,0.20198477015562114,0.9147844325849777,6.0
17.0,0.9946266951228956,0.1960591208355743,1.0687557274476138,7.0
18.0,1.1873158429099269,0.3869146772307893,1.3120672782145222,4.0
19.0,1.062496894770073,0.19204579287124374,1.2195352005960547,7.0
20.0,0.9930548719392361,0.29232839836393726,0.9893953828501905,4.0
21.0,0.9234731193797194,0.13619862345164674,1.4022178491470922,6.0
22.0,0.3189502578076612,0.06171699880983267,1.4858906665753915,6.0
23.0,0.6894017048736855,0.20648731771162915,1.2760869187689488,7.0
24.0,0.42207721767368117,0.1949300032677001,1.098693095454805,7.0
25.0,1.0439603887601951,0.9153784885575217,0.99428180676939,3.0
26.0,1.157092026930376,0.8692076721586964,1.0392850528009487,3.0
27.0,1.0,0.0,0.0,0.0
28.0,0.33254878720381104,0.330320778041858,0.8369882167858358,2.0
