interval,Zmax,Zmin,q_value,SelectedNum
0.0,0.9969423576072308,0.9949330506722257,0.8369882167858358,2.0
1.0,1.096073649248323,0.19268270584827168,1.0347831749982468,6.0
2.0,1.3550066114154928,0.2038942049733939,1.1544308939962389,8.0
3.0,1.114805017406104,0.22011113746617347,1.7082028122243984,5.0
4.0,0.6584588436709659,0.20018747286425867,1.2835150531275923,4.0
5.0,1.2402367853415979,0.19407166394521785,1.5819125747879,4.0
6.0,0.22837299115608198,0.055853525333806144,1.0998317423312534,4.0
7.0,0.9967905478106385,0.1956084303962801,1.0919901934385225,5.0
8.0,0.9852528666576246,0.20524135296946508,1.4007733759129664,4.0
9.0,0.23376638454236717,0.12098818125045573,1.0525133978882868,7.0
10.0,0.2848667852871132,0.12237720836101765,1.14483890150725,4.0
11.0,1.2218083984604484,0.10886634469937155,1.4144565504571331,4.0
12.0,0.20136583900760244,0.20136583900760244,-0.0,1.0
13.0,0.9352589537330216,0.09850103644111707,1.1049336852468643,4.0
14.0,1.121897863098982,0.24327984870104238,1.0428270481917274,5.0
15.0,1.057431878498251,0.20185483731379117,1.1317703788294189,4.0
16.0,0.18571204186251095,0.08992239765897506,0.7757699518992542,4.0
17.0,1.2030156951472273,0.9238406028985905,1.280022310544421,4.0
18.0,1.0868245363554732,0.20108286848419005,0.7886837858513862,4.0
19.0,0.3837314073518218,0.06450030712631233,1.1797074650924515,4.0
20.0,0.22126277561221644,0.07614061589505379,0.8961938393469083,4.0
21.0,1.1446783938327836,0.1985505212269663,1.0150167756819481,5.0
22.0,0.5292729371256645,0.2141892824609093,0.6335776565635658,4.0
23.0,0.17161037925532938,0.09929552715939417,0.8102912664809635,4.0
24.0,0.37020023231069576,0.37020023231069576,-0.0,1.0
25.0,1.0,0.0,0.0,0.0
26.0,0.024779265998272505,0.019819859678879306,1.201819533477589,4.0
27.0,0.9671157892175536,0.1798396442852178,0.8369882167858358,2.0
28.0,1.0021975569126491,0.28857359882256234,1.5765794965175626,5.0
29.0,1.2169309080383526,0.17467082632421288,1.6805740068793908,5.0
30.0,0.19583137242100346,0.110980961735166,1.3345329397847698,4.0
