interval,Zmax,Zmin,q_value,SelectedNum
0,1,0,0,0
1.0,1.0827409239086867,0.8674777694526312,0.7248246568650072,3.0
2.0,1.0604049462895144,0.7859625022304871,0.7351811031580967,3.0
3.0,1.0215598409065614,0.8705707392519539,0.9613179715712038,4.0
4.0,1.0253288904915876,0.9640356393030031,1.2639737102712951,4.0
5,1,0,0,0
6.0,1.0423700418494208,0.82501661485205,0.7978809667394565,4.0
7.0,1.0732805042939222,0.8346939902823608,0.94916730154777,4.0
8.0,1.0686003747838146,0.9005194809635133,1.0467284759347089,4.0
9.0,1.167322844071506,0.8527582120419648,0.985047036783445,4.0
10.0,1.1447802634604036,0.8370378614575223,0.8969646812004832,3.0
11,1,0,0,0
12.0,1.0358009222063067,0.8929262301511961,0.7950885154759572,3.0
13.0,1.155621328321476,0.865474042518012,1.040691481814106,4.0
14.0,1.10062469075045,0.8831662418388655,1.0903209852151765,3.0
15.0,1.0576746802976917,0.9291720484786516,1.2102107024883826,6.0
16.0,1.0527465076800604,0.9168228873987383,0.8490673553639891,4.0
17.0,0.9517712816670827,0.8999746436629161,0.8369882167858358,2.0
18.0,1.088508126467865,0.7858061370381093,0.7874949905567917,4.0
19.0,1.0006012331605998,0.9331836911797123,0.8518453396494201,4.0
20.0,0.9589067899539281,0.9589067899539281,-0.0,1.0
21.0,1.1612053209769804,0.9781795158511966,0.9037711894214049,4.0
22.0,1.0621098467251866,0.9373839144638916,1.1575947408442462,3.0
23.0,1.0658265696125384,0.8512934273883245,0.8794923937173093,4.0
24.0,1.0190572832077134,0.9176996625699428,0.6842614992154944,4.0
25.0,0.9837990258119755,0.845504031794347,0.8369882167858358,2.0
26.0,0.9870120236919123,0.9021162757428096,0.9554298336614497,4.0
27.0,1.0351907971603536,0.8985181976077959,1.1756053507774078,6.0
28.0,0.940600376864566,0.7928563162429573,0.8759040974740713,4.0
29.0,0.992145886094778,0.9631687296280436,0.8369882167858358,2.0
30.0,1.073878261802199,0.8954498928209161,0.8773985415667259,4.0
