interval,Zmax,Zmin,q_value,SelectedNum
0,1,0,0,0
1.0,0.9960953487899812,0.7918673022530258,0.7354226663534822,4.0
2.0,1.0424676802900965,0.6845285233067281,0.8181437540357468,7.0
3.0,0.9396656875027958,0.9396656875027958,-0.0,1.0
4.0,0.973048826793412,0.09084006655299931,0.65169375582249,4.0
5.0,1.132154038942353,0.07012919238872999,0.6647983730501409,4.0
6.0,1.0459294749687713,0.11932929356311553,0.7509591670566711,4.0
7.0,0.9339398489296109,0.067066837598468,0.8196802169691267,4.0
8.0,1.254452850125352,0.0637880057119436,0.819038357344066,4.0
9.0,1.0329591298213445,0.8573010376248819,0.8335075785725149,4.0
10.0,1.0709537003396206,0.8004006202099891,0.6805000501363322,12.0
11.0,1.1219997620068,0.09706458862935465,0.4999332939526233,8.0
12.0,1.2321917280548114,0.06639982540554087,1.0254071233754813,5.0
13.0,0.9798875287802545,0.023293705534054576,0.8369882167858358,2.0
14.0,1.0828728724811123,0.08697077713136121,0.6808172002984902,4.0
15.0,0.9892665126339768,0.8761625862990022,1.1240982890245712,3.0
16.0,1.0090907470474928,0.9523406059809688,0.8519281283065724,4.0
17,1,0,0,0
18,1,0,0,0
19.0,1.033227135559966,0.08942228642395546,1.1115493220596957,4.0
20.0,0.04678381322017913,0.04678381322017913,-0.0,1.0
21.0,1.1123699346760316,0.20062413186229427,0.6753255694314826,4.0
22.0,0.9249663340728357,0.9249663340728357,-0.0,1.0
23.0,1.069333379432887,0.07588249662401719,0.6745488685831504,4.0
24.0,1.1602919142129364,0.030080609490679533,0.8543938212056503,4.0
25.0,0.9955749223895295,0.9229220863591323,0.9130298064801969,4.0
26.0,1.0738239459766517,0.21598515664069234,0.8369882167858358,2.0
27.0,0.15464373573196324,0.025017198984448735,0.8369882167858358,2.0
28.0,1.0162389034918418,0.047657457522141594,1.1596250984296996,4.0
29.0,1.1672178225587466,0.0711947037758693,0.7177244886906899,5.0
30.0,0.9406545733530465,0.9406545733530465,-0.0,1.0
