interval,Zmax,Zmin,q_value,SelectedNum
0.0,1.0359113573003769,0.6838342237468983,1.2290400682783025,3.0
1.0,1.0541009516119313,0.5233415142033966,1.031664120307785,4.0
2.0,1.0217179763897906,0.5297367673129929,0.9446224561376861,4.0
3.0,1.0957655729617146,0.2614723885140913,1.2502650147509307,5.0
4.0,1.1814753757125969,0.6844951235076092,1.117118454223038,4.0
5.0,0.8587236234620975,0.28324944267083885,0.9333774677747044,4.0
6.0,0.9400361134289271,0.4117108026033193,1.002250976620698,4.0
7.0,0.9079212740447319,0.45613476719267293,1.1259843130074858,4.0
8.0,1.0003067856642187,0.4291703390993273,0.9269659974305685,6.0
9.0,1.1921363683982613,0.4592489231308698,1.1748288042455708,4.0
10.0,0.7565154202090265,0.30780230743149806,0.9772283377564865,4.0
11.0,0.6763290429234387,0.4198809580074922,1.232281850083618,6.0
12.0,0.9404977222476597,0.44078116696078545,1.2416287534322195,4.0
13.0,1.0885612223060688,0.4647761119601634,0.8903503818900659,4.0
14.0,1.0960538125825023,0.45720715395440864,0.8801798615565083,5.0
15.0,0.7196352705941306,0.28396338044988056,0.9407802879944768,5.0
16.0,1.0529723626800023,0.4486117781727925,0.6766162553424258,4.0
17.0,1.2889477817793302,0.45415747549914776,0.9501668604911085,5.0
18.0,1.141336367026819,0.43839717039794057,1.087842123775903,4.0
19.0,0.9989872766988943,0.45056691560119866,0.9230121802880286,6.0
20.0,0.78306418305343,0.2994726962726855,1.3769185305893474,8.0
21.0,1.0024172074556037,0.5262824095598497,1.0344306149222933,4.0
22.0,0.8893403098925058,0.29022426493144154,0.8598834449998478,4.0
23.0,1.0168561297490515,0.5203390466275196,0.7009147564811469,4.0
24.0,1.1362649698285388,0.26822723844366564,1.6352198476638964,5.0
25.0,1.0,0.0,0.0,0.0
26.0,0.9911281624409746,0.26355674468692275,0.7320266675500179,3.0
27.0,1.0,0.0,0.0,0.0
28.0,0.4410139379381834,0.4322246045165631,0.8369882167858358,2.0
