interval,Zmax,Zmin,q_value,SelectedNum
0.0,0.8704046105228043,0.8411216729666859,0.8369882167858358,2.0
1.0,1.0646481610687948,0.8204265314837949,1.0227306087603882,3.0
2.0,0.9942148823421951,0.8965417907369917,0.8825269813140919,4.0
3.0,1.0637779173546194,0.6980431120488179,0.7744295877724328,4.0
4.0,0.9431402784142274,0.37079687054561045,0.8369882167858358,2.0
5.0,1.0185340310366535,0.8153928191334514,0.847821403860773,4.0
6.0,1.0079035882459428,0.39267685101015526,0.7134236778144415,4.0
7.0,1.1321770179080313,0.7653690509560657,0.8369882167858358,2.0
8.0,1.112572816621424,0.4187723547815105,0.8149920763863813,3.0
9.0,1.029713205852742,0.47382411233023114,0.5724486958979993,6.0
10.0,0.9714680949954394,0.5452720101924224,0.6467921814698935,4.0
11.0,1.1497788678723468,0.38247865429786326,0.8542309171967268,3.0
12.0,1.1475225863049776,0.8592236504283424,0.8369882167858358,2.0
13.0,1.0973354807259275,0.874579646769966,0.8369882167858358,2.0
14.0,1.009071761704511,1.009071761704511,-0.0,1.0
15.0,1.1066029982308137,0.9336854027473196,1.0323575905881914,4.0
16.0,1.2529578431244015,0.7494109947039989,0.9665769777737379,4.0
17.0,1.1528411383194226,0.83094518897713,0.850526110150033,4.0
18.0,1.1547208890823126,0.779446946862403,0.8737801945396041,6.0
19.0,1.0663135615458548,0.47704665520923184,0.7267662273841295,5.0
20.0,0.9321531761302192,0.36301478537500004,0.8904278952507989,4.0
21.0,1.1475584252441149,0.3775952460607908,0.7974487680933469,4.0
22.0,1.164524565481038,0.8111206620876925,0.9281161611177224,4.0
23.0,1.0192209947577877,0.40511339736262086,0.5302168282269674,7.0
24.0,1.1549292576959593,0.8625344706717449,1.1607293855612346,4.0
25.0,1.1077516652061778,0.8310120957518333,0.9970394220069074,4.0
26.0,1.09061010031766,0.9278796052830995,1.098423479960216,4.0
27.0,1.1300632156323238,0.9616681020463883,1.10641471909909,4.0
