interval,Zmax,Zmin,q_value,SelectedNum
0.0,1.0770183545999124,0.28587705997419305,0.9303690876692123,4.0
1.0,1.0109959235597732,0.20987194406270196,0.9184341836824265,7.0
2.0,1.1317949929367719,0.18256595641425816,0.9120264874195713,9.0
3.0,1.108172095847781,0.22263176792787784,0.7139057809846778,6.0
4.0,1.0287443354492396,0.2115824104071331,0.7725180482720019,6.0
5.0,1.0255331454337744,0.20541341771612945,0.5056615916968837,7.0
6.0,0.9589280982908499,0.4928682422040725,0.6689603244973605,4.0
7.0,1.0226923389560902,0.1959179704506463,0.7441750692256592,8.0
8.0,1.0801378556376038,0.9025203592954302,1.1364194612688974,4.0
9.0,1.0148587618487794,0.27373613945304304,0.6985363243946366,6.0
10.0,1.1888614878301382,0.19577369618731952,1.1377383612958407,6.0
11.0,1.2795793639993713,0.20759978213926988,1.0908077681243633,7.0
12.0,1.0766757221013896,0.19830318675315353,0.7757598913961241,8.0
13.0,1.1199781763936256,0.20231948928228247,1.7387477123279467,6.0
14.0,0.9420931104529792,0.26916292924491403,1.533930041349131,4.0
15.0,1.0853304589039898,0.3851662108148453,0.5870623785333937,5.0
16.0,0.9719898614584379,0.20052653604045337,1.7637880887777448,5.0
17.0,1.0826562565722355,0.10742434516664971,0.9607385407085732,4.0
18.0,0.3609012376724859,0.31058860169637903,0.7890081528861904,4.0
19.0,0.09471425449790316,0.08590578796658566,1.1852732499960075,4.0
20.0,1.148096045844385,0.19252296784246387,1.5026897615963877,6.0
21.0,0.17684983375602079,0.08787030559326305,1.0911317338028015,4.0
22.0,1.095886673619836,0.8765694772509335,0.8445689867909512,4.0
23.0,1.0479365922436403,0.19972194653280673,1.6328100204320453,6.0
24.0,1.124518754217848,0.20716216445382352,0.6606121569362938,6.0
25.0,1.1969345632544597,0.19904682966166803,0.8206647202863331,6.0
26.0,1.0383595786277413,0.14527095054020164,1.467539742102241,8.0
27.0,1.0927774671586077,0.2020844832162057,1.719262958992367,5.0
28.0,0.9935334228785117,0.19234350774299835,0.6459263336327682,4.0
29.0,0.9793466822822756,0.31831040888451884,1.6567772688279239,7.0
30.0,0.22894748264611817,0.2269249055703148,0.8369882167858358,2.0
