interval,Zmax,Zmin,q_value,SelectedNum
0,1,0,0,0
1.0,1.2607623970898554,0.9065271409674277,1.2096156565544733,4.0
2.0,1.0479251661146383,0.9222757991913129,1.1269100147657507,5.0
3.0,0.9973677451169463,0.8741671664691033,0.6757277887619596,5.0
4.0,0.9910893431868426,0.9203791733309973,1.0950016276321044,6.0
5.0,1.1580111484532953,0.9502563048785385,1.4684780888046045,6.0
6.0,1.1767525739781988,0.745974754787649,0.8732534417319667,7.0
7.0,1.0412286121710481,0.9025253942034571,1.0369612510247888,5.0
8.0,1.0559332572795976,0.9399188828500751,1.0170614055306455,6.0
9.0,1.0519218393242478,0.9201201930586419,0.8321735405632216,8.0
10.0,1.15602800322065,0.8624923841061334,1.0083545581122588,6.0
11.0,1.145836286570174,0.859204625014048,0.7903614923901233,8.0
12.0,1.1609911384223106,0.8343608848809669,0.9409843117323421,6.0
13.0,0.9857901139615277,0.9042972637682561,0.9886841382720426,4.0
14.0,1.1547308445888043,0.8841236558131929,1.1702412830575035,4.0
15.0,1.0113940306972757,0.8247240248816085,0.6162146251035805,5.0
16.0,1.0261417487419628,0.9050609698424285,0.7549436983260482,4.0
17.0,1.045371602129345,0.9709649598464429,1.5250100849211712,5.0
18.0,1.1272175105981432,0.8813317373097199,0.9642331414576054,6.0
19.0,1.12683539227146,0.9088136895691594,1.5514086134801146,8.0
20.0,1.0668150570566082,0.8722165332091313,0.901612395464427,6.0
21.0,1.0426504231377705,0.8316149171721777,0.7988622655048077,8.0
22.0,0.9919307474303298,0.9919307474303298,-0.0,1.0
23.0,1.0052945853458064,0.8843568779801736,0.7591623056045573,4.0
24.0,1.0391694322274225,0.9609536215825897,1.209522580902547,4.0
25.0,1.060229090956269,0.8253682520539369,0.9670725611493786,4.0
26.0,1.132847648637129,0.6891329817912979,0.8617370589376468,9.0
27.0,1.0992148137897768,0.9179860190776162,0.7989633902347645,6.0
28.0,1.091272561341348,0.8569323001892052,1.0812282952468477,8.0
29.0,1.0062327889231302,0.9397840892888695,1.389939941438644,4.0
30.0,1.2157570938738402,0.9310439868630581,0.910866404174639,4.0
31.0,1.0140897105302378,0.9449057109378125,0.8369882167858358,2.0
