interval,Zmax,Zmin,q_value,SelectedNum
0.0,0.9468927399286695,0.3053418565809321,0.7523774535723502,4.0
1.0,0.3624125287262853,0.1935340904313456,1.3621616396776688,4.0
2.0,1.0139078886133273,0.2330834746646,1.1430106352397542,4.0
3.0,0.9374532398429104,0.18495240159574028,1.177605172293299,4.0
4.0,0.5185951181366605,0.21648999691823173,1.0701255758175607,4.0
5.0,1.1265871872972066,0.7173123879210289,0.9348467084004946,6.0
6.0,1.0609586455921036,0.2823828315822152,0.6883423442695112,4.0
7.0,0.9435069264842537,0.1812770970273707,0.921206672167387,4.0
8.0,0.41500418202703043,0.20238171915762132,0.8021716760986546,5.0
9.0,0.9475829766890406,0.2912559697018215,0.8178157197853441,4.0
10.0,1.0071465935946766,0.19008382390461154,1.0502353185023767,7.0
11.0,0.9421580498601796,0.19914146223005774,1.0024435308440984,4.0
12.0,1.0887324324363445,0.5260260015721341,0.6141181973774493,7.0
13.0,0.9342760193926944,0.2677903315546362,0.7300772831910297,5.0
14.0,0.9253705637721997,0.20556366910832283,0.7972257787185573,6.0
15.0,1.071974922409128,0.18521526947943512,1.1548432345664086,6.0
16.0,0.9399051861426749,0.17468697602719074,1.625834936021931,7.0
17.0,0.9892757514701492,0.2945475839094019,0.6602972978892065,4.0
18.0,0.9289144218810543,0.20296858210791324,1.269571189977686,4.0
19.0,0.9458175659054869,0.2079051838009964,1.0418681694096898,4.0
20.0,1.0292149649192404,0.24303049781756544,0.8487199848807256,5.0
21.0,0.9622119688745499,0.27917362385266326,0.9859479475741058,4.0
22.0,0.9163448776464438,0.19111889399681237,1.2975980455116207,4.0
23.0,0.8120125047362831,0.2563950575312019,1.0647947962233877,4.0
