interval,Zmax,Zmin,q_value,SelectedNum
0.0,1.072097199070598,0.17578287357785263,1.2747715964368866,4.0
1.0,1.0860405960003197,0.452526670395838,0.7098685212128336,5.0
2.0,1.1772477790933442,0.25727212300408364,0.7242366452646903,4.0
3.0,0.7717379425525609,0.18127020612260888,1.7557601623841004,6.0
4.0,1.092552855466704,0.1822594538224576,1.520712703173081,8.0
5.0,0.9267723453238311,0.22545411645375762,1.0792054014133865,4.0
6.0,1.0580935078164468,0.17366325623846834,1.212516389175334,5.0
7.0,1.170455820218028,0.16197377415161532,1.4758220786144003,6.0
8.0,1.1058789651219643,0.2450186129240081,0.6453572544979606,4.0
9.0,1.2074606454056651,0.1700087934028065,1.4416113080695327,9.0
10.0,1.1025672227695262,0.23916975651069755,0.7727655145763705,4.0
11.0,1.0396367331037315,0.2502240316108433,1.3170423562405704,6.0
12.0,1.0355075862553844,0.17137902793091683,0.7554561002320669,6.0
13.0,0.932484244284123,0.16642148760695932,1.4839833069903992,5.0
14.0,1.1632218267687344,0.15375930721856995,1.5208173589449558,5.0
15.0,1.1884390197730543,0.2136090523496756,1.0018473548403628,6.0
16.0,0.8927099228265862,0.170877988571773,0.9962634843082474,4.0
17.0,0.9058392211876968,0.16414455916101536,1.7747369115348324,6.0
18.0,1.0539055149395176,0.17442652265708058,0.6997216206734922,4.0
19.0,0.891223543567232,0.305196396581486,0.7048882369620254,4.0
20.0,1.1663250131103735,0.20744028645687365,1.1152770864848585,9.0
21.0,1.0827500510796078,0.11657966941943834,1.738551078606007,6.0
22.0,1.0991891524340027,0.16030640124530035,1.5242919307370362,5.0
23.0,1.1561524218984203,0.16530635716424522,1.1381945519986996,4.0
24.0,0.33603316543178074,0.10171018954449607,1.2428780312729146,4.0
25.0,1.1040705711615202,0.18160991914635247,1.6813598420045437,5.0
26.0,0.19839851416665766,0.16775795095045773,1.0380753757681243,4.0
27.0,1.0,0.0,0.0,0.0
28.0,0.2013179523496974,0.2013179523496974,-0.0,1.0
