interval,Zmax,Zmin,q_value,SelectedNum
0.0,0.37934484102566063,0.2507357011380335,1.6944430901503782,5.0
1.0,0.6958192558628071,0.2459136999570048,1.1333383412358513,4.0
2.0,1.1403728238002795,0.21836718214291456,1.1956835511811348,4.0
3.0,1.1514826053069782,0.22162010319432232,1.1823010834234582,4.0
4.0,0.2553805122634493,0.19182160616633473,0.8999426341306899,4.0
5.0,0.3928620211110208,0.23422002539747475,1.2930837906683241,6.0
6.0,0.9983144904238811,0.20477452474086552,1.527138830329121,4.0
7.0,0.5419843326518257,0.23306009108796644,1.5269976001487962,5.0
8.0,0.251491094151308,0.1721326487397854,0.7623211745387042,4.0
9.0,0.9233391659234064,0.23384277503333442,1.1315841735770493,4.0
10.0,1.047370715912664,0.07290056727522966,1.2554636154668992,4.0
11.0,0.23934539162736032,0.19736111198021952,0.6963289460383794,4.0
12.0,0.9446585473226641,0.11733128729132819,1.3254859467511428,4.0
13.0,0.35816718074333787,0.13009708158584457,0.920060884882632,4.0
14.0,0.2686094997954067,0.09165819836268724,0.9165488526522728,4.0
15.0,0.20557934515304127,0.05984848209434394,1.1036780027436943,4.0
16.0,1.0,0.0,0.0,0.0
17.0,0.36209821426484706,0.021919362237085505,1.1177352864973875,4.0
18.0,0.387734247508186,0.16712896543595168,0.6986881408778769,4.0
19.0,0.1925621174204047,0.18327869447546166,1.3671981910793403,5.0
20.0,1.0,0.0,0.0,0.0
21.0,0.02718922660244601,0.02718922660244601,-0.0,1.0
22.0,0.08601231710691784,0.029527566485528414,0.6561181346518983,4.0
23.0,1.0,0.0,0.0,0.0
24.0,0.2135412527250203,0.01576068840650641,1.1108778483110817,4.0
25.0,0.634876564772492,0.20307591946000333,1.0864293251286727,4.0
26.0,0.22580876443249714,0.03974989911700988,1.3041032992673134,6.0
27.0,0.3133705274455146,0.24357294292549334,1.0105488423607911,4.0
28.0,1.0345869669602763,0.18385127531114084,2.0529364304274207,8.0
29.0,0.997373522066831,0.7307448986888212,0.8097016709561653,3.0
30.0,1.1615810457600027,0.6176511750393259,0.9151665775322451,4.0
