interval,Zmax,Zmin,q_value,SelectedNum
0.0,0.8924767365593406,0.8924767365593406,-0.0,1.0
1.0,1.1053172703938832,0.9176376724200508,0.9722942319454783,4.0
2.0,0.9915973130207899,0.9144493484379179,1.0332927731053683,4.0
3.0,1.0011311995589398,0.1935464792918197,0.6557298065196014,4.0
4.0,1.0581507161034185,0.9891844067488696,1.2522858664580396,4.0
5.0,1.0429017509243694,0.9131690235997493,0.9914122861031034,3.0
6.0,1.2512269922223642,0.14443478470952412,0.7554257203617817,6.0
7.0,1.0488533428232827,0.1589735033057288,1.0895444954950246,4.0
8.0,1.1118981508713466,0.8901729517480341,1.2194574759556955,4.0
9.0,0.9878043456795156,0.13977560013405882,0.7089321924139088,4.0
10.0,0.8510657131581878,0.13668149186650108,1.1149975233669072,4.0
11.0,1.0602419385634991,0.1385388484955537,1.0497515725811737,4.0
12.0,0.9958764779798246,0.950640597631417,1.0471327461886828,7.0
13.0,1.1252715132716105,0.1489803747404842,0.7392701018418004,4.0
14.0,1.0517353693218428,0.9249631364692177,0.7457141497790197,4.0
15.0,1.0026744819444946,0.13772942084111547,1.2151417244546057,8.0
16.0,1.0293389365694183,0.9471576856084641,0.8969857363653853,5.0
17.0,1.0962887875249243,0.894820506274374,1.0585695112147397,4.0
18.0,1.0359578991057234,0.9823956657638779,1.1447714099553388,4.0
19.0,1.0218855829261049,0.10694864677503467,1.119580907661185,4.0
20.0,1.1458672478083922,0.8140131239679025,0.9690255826814983,6.0
21.0,1.100738623062401,0.1578726760682768,1.18475436072905,4.0
22.0,1.1250223860170425,0.9393328652142918,1.2620578740808626,4.0
23.0,1.0095284431706673,0.1570914935774656,1.0914615904651102,4.0
24.0,1.3969278344179072,0.060644897300974464,1.2929324097991914,5.0
25.0,1.164505240385274,0.1461894396527947,0.7384947346499432,4.0
26.0,0.9370868249998916,0.9370868249998916,-0.0,1.0
27.0,1.0069479176219067,0.9163708877970322,1.0713212440547664,4.0
28.0,1.2480679005097137,0.4118315496853827,0.7125825515982414,4.0
29.0,1.1499717541589325,0.23310058068256478,1.1360684370783545,4.0
