interval,Zmax,Zmin,q_value,SelectedNum
0.0,1.223959231004568,0.6790903539713989,1.0428272665355218,6.0
1.0,0.8926313893476261,0.6718646686813621,1.1840775190883237,4.0
2.0,0.8731147700306121,0.7222485806144863,0.9932121770688178,5.0
3.0,1.494600036571409,0.5703511565805311,1.6964687980739594,6.0
4.0,1.0511486605757259,0.9104026327648409,0.8612068985808786,4.0
5.0,0.810481763638582,0.6324403003572606,1.1500306861953633,4.0
6.0,0.9782732221760607,0.8558223162983658,0.8910322259806258,4.0
7.0,1.344509179055285,0.6871964506403313,1.1094919363632838,4.0
8.0,1.40299630732345,0.6538549117264929,1.3435296058876711,4.0
9.0,0.8779760325728402,0.6658495098294482,0.6479693107360603,4.0
10.0,0.9888173175103119,0.6484065869895262,0.9599094067539745,4.0
11.0,0.9571291770840801,0.6252493215467366,1.0411596093355917,4.0
12.0,0.7984619134227514,0.5483383075655608,0.9500496095666673,8.0
13.0,1.1169331392657587,0.8186714722602185,1.2456586695427134,6.0
14.0,0.7886170144275125,0.7886170144275125,-0.0,1.0
15.0,0.8445471726032358,0.6899629013282599,0.6718975966320455,6.0
16.0,1.0,0.0,0.0,0.0
17.0,0.9598445527262868,0.8527063536734039,1.0556433802446483,5.0
18.0,1.0,0.0,0.0,0.0
19.0,1.0,0.0,0.0,0.0
20.0,0.8595440658716876,0.7840929394392291,0.782797788518095,4.0
21.0,0.8900005901277798,0.6047637691098268,0.6628102845790198,4.0
22.0,0.7587294678530858,0.7587294678530858,-0.0,1.0
23.0,1.1365345644175562,0.670395453831713,1.0049942330940187,4.0
24.0,1.0196179113236812,0.7583824813727219,0.9142873744526261,3.0
25.0,0.5411539495611031,0.5411539495611031,-0.0,1.0
26.0,0.8694329744968182,0.6258937811007756,1.0336238575232717,4.0
27.0,0.6214910519078443,0.5125148582494244,0.6526332930413725,4.0
28.0,1.0,0.0,0.0,0.0
29.0,0.6126930792317207,0.5438532088247925,1.2473384579136084,4.0
