interval,Zmax,Zmin,q_value,SelectedNum
0.0,1.1150154564023602,0.42247212681621477,0.7328161169449111,4.0
1.0,1.05683771627581,0.2202175289247286,0.7903260957107353,5.0
2.0,0.5014860148093082,0.1794540477771787,0.9444810580568287,5.0
3.0,1.0671395958967569,0.2216537022585705,1.503135723745473,6.0
4.0,0.1978516976150608,0.17476755114957393,1.1197565819710966,3.0
5.0,0.4159031779601027,0.18681515797778525,0.8309800639831068,4.0
6.0,0.45716809297333405,0.11669546130386661,0.8517366110305045,4.0
7.0,1.0158788155270222,0.05948554004425788,1.4784585312429086,4.0
8.0,0.2902672240374421,0.11413547117709875,1.1118979741367276,4.0
9.0,0.06564557936810289,0.06564557936810289,-0.0,1.0
10.0,1.0,0.0,0.0,0.0
11.0,1.0,0.0,0.0,0.0
12.0,0.42183004705564464,0.24755979535256892,0.7452189781168043,3.0
13.0,1.0,0.0,0.0,0.0
14.0,0.24235942581769174,0.04297448872059391,0.9511291372436947,4.0
15.0,1.0282638200488183,0.15530716056776403,1.1295599988282887,5.0
16.0,0.2771900420106419,0.17500755228017964,1.4753263118017954,4.0
17.0,1.0,0.0,0.0,0.0
18.0,1.0,0.0,0.0,0.0
19.0,1.0,0.0,0.0,0.0
20.0,0.898986135954152,0.898986135954152,-0.0,1.0
21.0,0.16075369240789839,0.09621897313186593,0.9657623494048976,4.0
22.0,1.0,0.0,0.0,0.0
23.0,0.03205912956970223,0.032009558984505665,0.7844192980953889,3.0
24.0,0.4051999417786545,0.04289773727744646,0.8369882167858358,2.0
25.0,0.2722643903457142,0.2722643903457142,-0.0,1.0
26.0,0.3364021710328772,0.3333284232505858,0.8369882167858358,2.0
