interval,Zmax,Zmin,q_value,SelectedNum
0.0,0.9747991013630123,0.8664020758873965,0.97385424248347,3.0
1.0,0.9856740863868798,0.24944112899122992,1.0758867297804988,4.0
2.0,0.9315101282183328,0.18198746847136577,0.9617985900465983,4.0
3.0,0.9654571136260846,0.3259212856463406,0.8369882167858358,2.0
4.0,1.0606066948743564,0.43253462227794975,0.8192937851048383,4.0
5.0,0.8740141974315985,0.8092892491946837,0.8042635744124206,3.0
6.0,0.99943755137272,0.2046615266942533,1.0602670774212464,4.0
7.0,0.9204951484750802,0.9169825636512219,0.8369882167858358,2.0
8.0,1.0828692184321584,0.39881207622687953,0.9040398011443884,4.0
9.0,0.9863674885946394,0.4477773234917619,0.8321250055723887,4.0
10.0,0.9729723411070287,0.8057480540406278,0.8369882167858358,2.0
11.0,0.9867709038057424,0.5936723194019323,0.9067411978071235,4.0
12.0,0.8858861055454,0.17234627911232425,0.8819441295782884,4.0
13.0,0.9754005839446832,0.5309498649510783,0.9299647968162698,4.0
14.0,0.3772080943498738,0.16417891699639955,0.8577160953196948,3.0
15.0,0.8013906203216259,0.26428992788716427,0.8876106754243436,4.0
16.0,0.9687135708760299,0.48351260670184054,0.8376897233384647,4.0
17.0,0.7900005252993801,0.7629861658183104,1.2460571294739768,3.0
18.0,0.7140537349075935,0.26583722996039766,0.8036473842121823,3.0
19.0,0.9959613850686482,0.5066530349600085,0.6808287088788227,4.0
20.0,1.0269630088594768,0.8080700838920963,0.8369882167858358,2.0
21.0,0.8497980878697727,0.33595876295879196,0.7602425065408713,4.0
22.0,0.2749838368080188,0.24791642730731833,0.7442221184378613,4.0
23.0,0.8408068808453127,0.2767992545283245,1.0175805432747431,4.0
