interval,Zmax,Zmin,q_value,SelectedNum
0.0,0.9833675316577564,0.9833675316577564,-0.0,1.0
1.0,1.0875450233265098,0.7253860390671235,0.786852562009748,4.0
2.0,1.1507930949744116,0.9958834058514672,0.9440773320900532,4.0
3.0,1.0717761162318797,0.7902970180624339,0.8109616880500008,6.0
4.0,1.1603173477469102,0.888232358889781,1.4400765616474178,5.0
5.0,1.2346558128617322,0.879825134092291,1.1955488736050592,6.0
6.0,1.058851915418869,0.8786821709323072,0.9300838314403118,4.0
7.0,1.0344218274495975,0.9629697884996667,0.9563798912593011,4.0
8.0,1.309898764255963,0.9112512804382175,1.1301173815673835,4.0
9.0,1.021187112810801,0.8400368560767147,0.7376338050270054,5.0
10.0,1.1457181563884005,0.8080272643098875,0.8197747841486387,4.0
11.0,0.9822575161498377,0.8732139842093897,0.7639188271272522,4.0
12.0,1.0415297105166155,0.919920967757186,0.7988625403585758,4.0
13.0,1.1634763686900471,0.959408170455379,1.2822573737599943,5.0
14.0,1.0015357658603372,0.9586417488953867,0.8369882167858358,2.0
15.0,0.9631706243530349,0.9631706243530349,-0.0,1.0
16.0,1.0508248860046199,0.8910359023889602,0.8013007403699531,3.0
17.0,1.2568246261059557,0.9224271024684305,1.4746850199453096,6.0
18.0,1.1377461995525628,0.8773518457349433,1.3014517336286116,7.0
19.0,1.1886961121910713,0.7383553831808928,0.9367712056719518,4.0
20.0,1.156528867769654,0.9068882394533173,1.40034733577711,5.0
21.0,1.0772434860853675,0.9787707843412785,1.0844309782334571,4.0
22.0,1.0427307200477984,0.8451002213559765,0.7758623012354532,3.0
23.0,1.1081086999591658,0.9020267185598573,1.1485298431645838,4.0
24.0,1.1168492480089651,0.8197758181025537,0.8369882167858358,2.0
25.0,1.0731208056424757,0.9023204996339619,0.8369882167858358,2.0
26.0,1.120615087271973,0.8510642710065295,1.043041854790145,4.0
27.0,1.0595707999174329,0.9717976314866504,1.0137628549358872,7.0
28.0,1.2655443254287762,0.9174845053121844,1.5636464472184155,8.0
29.0,1.1305207889024453,0.7644046162789233,0.8974377739256775,6.0
30.0,1.0580388216433079,0.9446620928199279,0.985059678492442,7.0
31.0,1.157627961416127,0.848910442658033,0.8474029883374363,4.0
