interval,Zmax,Zmin,q_value,SelectedNum
0.0,1.0882530908555732,0.9535860668674258,1.036040627131439,4.0
1.0,0.9538934938234849,0.41780207369729194,0.8510318554968146,5.0
2.0,0.9785376731532616,0.3976731245991035,1.4575605587295566,5.0
3.0,0.4488875287681575,0.4039007393134682,1.4717128657385639,6.0
4.0,0.481733711544737,0.38418529574829663,1.25377756219312,6.0
5.0,0.48252334297165245,0.40177926377411927,0.5302839625647398,7.0
6.0,0.5235703326756203,0.42686493993820435,0.8805940442873712,7.0
7.0,0.5209316323550262,0.4687317328623514,0.7877355685680607,6.0
8.0,0.6076750578247243,0.5159024953397183,1.1632755594658992,5.0
9.0,0.7929763954796764,0.6293053088406545,1.485481939723905,6.0
10.0,1.0802921038724103,0.6399868568161065,1.0993437181047405,10.0
11.0,1.1579423571437852,0.382942065083825,1.32122077849295,7.0
12.0,1.0458441458761591,0.6320008532587255,1.0841713612396513,13.0
13.0,0.8338567305472048,0.3558085834346937,1.174770712879273,9.0
14.0,1.063915338796368,0.8878367679098693,0.9262692522407601,4.0
15.0,0.8605000036804471,0.31248831049265297,1.3993533829605642,5.0
16.0,0.27588436118636284,0.12949613653970676,0.8177065016328674,4.0
17.0,1.0,0.0,0.0,0.0
18.0,0.8237138543511349,0.5832135044355036,1.3387487010633572,4.0
19.0,0.47857385068715413,0.2362630113702226,1.0598305123627538,7.0
20.0,1.037366337427196,0.4319383211138093,1.8035122607748302,8.0
21.0,1.0408408851762114,0.21459854834305242,1.1333561853354004,4.0
22.0,1.0,0.0,0.0,0.0
23.0,0.679183441795564,0.07224390431891042,1.4577219822349605,4.0
24.0,1.083344182538538,0.49155791206756927,1.7499461981108428,8.0
25.0,0.6695353767476242,0.4427241773990105,0.6483659738580699,5.0
26.0,0.6772109572995187,0.26862665465062213,0.5415518735894436,6.0
27.0,0.7393735388695711,0.6284465315017569,1.0607123985666795,6.0
28.0,0.9025903737460387,0.4778012181670148,0.9129657724876996,4.0
29.0,1.0677886217489116,0.8753687003267718,1.076955242794184,6.0
30.0,1.1003546872386523,0.9288461788390243,0.9404176290081372,4.0
