interval,Zmax,Zmin,q_value,SelectedNum
0,1,0,0,0
1.0,0.9652509615292542,0.6814665068966675,1.1699057723419464,4.0
2.0,0.8457877635601396,0.7629297522100863,1.1259746010043434,4.0
3.0,1.019065439696753,0.4879118383141843,0.7815482476463812,4.0
4.0,0.8284700861226983,0.6520923256006333,0.8701644452074041,4.0
5.0,0.9755341572454317,0.7074595844562384,0.7602135734060521,3.0
6.0,1.1200536334348368,0.6949370114180733,0.9380099496652305,4.0
7.0,0.9788086066956623,0.8257475532620112,0.8867368003035193,4.0
8.0,1.0185651943188385,0.622233974445313,0.8429621332482471,4.0
9.0,1.1397533882817499,0.7288619241842857,0.7240268772303639,4.0
10.0,0.8018010420526959,0.702791690399458,1.0056313052673247,4.0
11.0,0.958945839059642,0.6150918379095593,1.1429030057946952,4.0
12.0,0.989874047051953,0.8489449655176302,0.966113913710356,4.0
13.0,1.0582353521154921,0.6666999818531345,1.0454930796828965,5.0
14.0,1.0318721575956111,0.6331584117051666,0.8373364549380249,4.0
15,1,0,0,0
16.0,0.99382398258236,0.8833055094373928,0.7931159072505043,3.0
17.0,0.9750087363895329,0.87932049854543,0.8990186540908391,4.0
18.0,1.1623345988571256,0.037434535456212566,0.7119273968959027,4.0
19.0,1.1366407122968682,0.6585535765513776,1.1534397827765654,4.0
20.0,0.9512763504070627,0.6770291783758554,1.4078376684253653,4.0
21.0,1.0903817803090405,0.792509908000816,0.7685563445496073,4.0
22.0,1.0438573089610705,0.4712890206119003,0.8414315132417031,4.0
23.0,0.9921195659462466,0.6369256254439946,1.0398236011456243,4.0
24.0,1.0986477482857246,0.8575708952221356,1.1452351249949446,4.0
25.0,0.9828900781215949,0.6292958136320529,1.1480836381628783,4.0
26.0,1.0027391122293405,0.9362085959500738,0.7242712975184472,3.0
27.0,1.0151074529546364,0.8605319065093607,0.8369882167858358,2.0
