interval,Zmax,Zmin,q_value,SelectedNum
0.0,1.1507348180837333,0.9578868848642281,0.8369882167858358,2.0
1.0,1.07875716585202,0.8626810075198837,0.991859479168969,4.0
2.0,1.1329810473245272,0.7988659107226437,0.8061764660906627,4.0
3.0,1.0137663033170796,0.8315034247348045,0.7380538195147162,4.0
4.0,1.1715592211410288,0.8240517224849501,0.9705916181624744,4.0
5.0,1.1210896888976485,0.8296257308494414,0.7201847561504154,6.0
6.0,1.1194240977464474,0.8922783492335621,0.8495848961669874,4.0
7.0,1.0441999925650478,0.8990320525566992,0.902608817734746,4.0
8.0,1.0366906129115234,0.9029898785679121,0.7862176349225496,4.0
9.0,1.0644672735033764,0.8290457111533442,0.9466869609795884,6.0
10.0,1.1070789958174936,0.7354631944110356,0.7950160582162094,4.0
11.0,1.149861780901328,0.9554489107460702,1.1668132666546605,4.0
12.0,0.996163223873417,0.9099003314774311,0.7919221531922573,4.0
13.0,1.0335670310136276,0.9517228339061657,1.1261876425666935,4.0
14.0,0.9981221365697005,0.9708219782181027,0.817089024802516,4.0
15.0,1.0256075991202536,0.8907495374370343,0.7291195401788891,3.0
16.0,0.927062232030443,0.927062232030443,-0.0,1.0
17.0,1.0831478369624465,0.9041039524583483,1.1624361001660006,4.0
18.0,1.1652713055690016,0.8949972672621583,1.1105119157894239,4.0
19.0,1.0761738816259636,0.8471384269668707,0.989278058656491,4.0
20.0,1.069378577863617,0.8770934347921124,0.9773914057785571,4.0
21.0,1.0869737105557273,0.8555174829828593,1.3366751316282457,4.0
22.0,0.9715987645801788,0.9353958207844517,0.8369882167858358,2.0
23.0,1.1686236251853421,0.755632308867339,0.9743708054985734,4.0
24.0,1.0287404696921925,0.9298425428246979,0.8467502663748712,3.0
25.0,1.0242027284472475,1.0242027284472475,-0.0,1.0
26.0,1.0151677367657361,0.8885880888186551,0.8009420241627296,4.0
27.0,0.9603412811691756,0.9530301207189157,0.8369882167858358,2.0
28.0,1.0474274915307278,0.9379672012231717,1.0813383540572503,4.0
29.0,0.9917449710361218,0.9917449710361218,-0.0,1.0
30.0,1.0310986974088852,1.0199216936712643,0.8369882167858358,2.0
