interval,Zmax,Zmin,q_value,SelectedNum
0.0,1.11565671783385,0.956965283988789,0.8369882167858358,2.0
1.0,1.0695061622995354,0.9775102541289319,1.1470688704362593,5.0
2.0,0.9598502865409615,0.3943863925594393,0.6924103949588207,5.0
3.0,1.2433767338787283,0.7904098691187041,0.9164060894256422,6.0
4.0,1.024138356938589,0.7284484730703545,0.7827989036560903,4.0
5.0,1.0856128876187363,0.7327170556961613,0.891143959929568,5.0
6.0,1.1354278265986628,0.6830664915876073,0.6821379984495625,8.0
7.0,0.9643583238104264,0.09309637085659946,0.7670054174285937,6.0
8.0,1.1631710576722472,0.8844321299720136,0.8824923643564034,4.0
9.0,1.0308751847384021,0.7616762092964903,0.9263267948569208,5.0
10.0,1.1945204796549478,0.8099650355029724,1.0340187682333117,5.0
11.0,1.3203631886674865,0.5010049521302893,1.0894723546576537,7.0
12.0,1.0892881436933661,0.5265758263333629,0.6910917090147886,5.0
13.0,1.0552858550613973,0.942061062316116,1.1447499391145075,4.0
14.0,0.9700415031156578,0.23745806928813198,1.1574886645143632,7.0
15.0,0.9912816402502784,0.11298164820141042,0.9981427258080531,5.0
16.0,1.089896876428036,0.11475046359413658,1.0057356023438275,7.0
17.0,1.2299926254142275,0.05906703672112009,0.6083590014462138,6.0
18.0,1.0837052415598283,0.7169698980957129,0.7459498422599058,4.0
19.0,1.1227087093485755,0.08520015141404372,0.6428193953623876,8.0
20.0,0.3700757271094139,0.3700757271094139,-0.0,1.0
21.0,1.1845183219465956,0.8033103384382844,0.8650681215945948,7.0
22.0,1.2079090339642424,0.20144091847971515,0.8974404737798547,4.0
23.0,0.8607727522854766,0.45519721836574045,0.8487272326488172,7.0
24.0,0.8804767708911775,0.2933191615808229,0.6520010267937572,6.0
25.0,1.40133077658415,0.9259629837366389,1.3468392691319682,4.0
26.0,1.1968372512963992,0.7344672377800305,0.9463809719418694,7.0
27.0,1.4135106150218364,0.7954007287555783,1.2356230821902332,4.0
28.0,1.1226714959314839,0.7405706883294825,1.0700768243288015,4.0
29.0,1.0756605537562394,0.8294562715294967,0.8990018599776896,4.0
