interval,Zmax,Zmin,q_value,SelectedNum
0.0,1.0841255914958339,0.19355436385863087,1.4953682666673374,4.0
1.0,0.93628068041406,0.2623452156795626,0.9058902452633276,4.0
2.0,0.554818917390169,0.16868642283717067,1.1629442021264418,5.0
3.0,0.8710966193197538,0.4562063733334601,0.7262141674458613,4.0
4.0,0.9872510152332572,0.1666385154853672,1.6167986724970806,6.0
5.0,1.0612232522030522,0.1863031288905138,0.7202811406521035,4.0
6.0,1.1675828490612135,0.17441982316585158,1.5730349898080205,6.0
7.0,1.0599550106170939,0.1706974612797503,1.4777894625159227,6.0
8.0,0.5130081389825561,0.21789093038858817,1.6894210373090246,7.0
9.0,0.9074467672900055,0.21503907489448026,1.1103850223269687,6.0
10.0,0.9819554541479766,0.15333269465932386,1.52657462047565,8.0
11.0,0.9853669806858161,0.17162890241970136,0.679104983348993,5.0
12.0,0.5173741814363496,0.15532040821865875,0.8740553320341852,7.0
13.0,0.8408568231794487,0.1553920613938982,1.2439516839409617,4.0
14.0,0.7968143714536152,0.23968397914644618,1.7553214239857151,5.0
15.0,1.1060691314462763,0.19920057886911882,0.8898510843545502,6.0
16.0,0.9255660026575827,0.19537763003009012,0.9824797663760402,6.0
17.0,1.4040657030877832,0.21417085989654855,1.5798180426290964,6.0
18.0,1.1308785457424755,0.14268604515364167,1.128817879151502,7.0
19.0,0.8817466402793805,0.25873983908184156,1.579639500244257,5.0
20.0,0.581424090543291,0.17136122815169955,1.2194206729046397,5.0
21.0,1.0575085221192102,0.17662325457562622,1.5385931429114204,7.0
22.0,1.0507199632683288,0.13388135729069817,0.6883682508698395,4.0
23.0,0.20087292423708644,0.14895449489984228,0.6441273251717454,4.0
24.0,1.1021416354759483,0.19583444902228547,1.1904469664250925,10.0
25.0,1.0069568931255162,0.39024343525479904,0.7079696169192902,4.0
26.0,0.31440962943928225,0.25651972612305246,0.6908869025646004,4.0
27.0,0.19393736336367395,0.13724188991416025,1.0269977913487194,4.0
28.0,0.5080226063842317,0.19463459229380722,1.3073987394220294,4.0
29.0,1.0,0.0,0.0,0.0
30.0,0.8501335439755341,0.22879448410306488,0.758675239477896,3.0
