interval,Zmax,Zmin,q_value,SelectedNum
0.0,0.9425518574947315,0.9044762480094716,1.1154532672425377,4.0
1.0,1.2117264007799438,0.12267493665664948,1.3226242418632896,4.0
2.0,0.559863804468994,0.1196056857186033,2.4254612371521236,10.0
3.0,1.0,0.0,0.0,0.0
4.0,0.5365253127227598,0.12296129895862032,1.5364346115458083,6.0
5.0,1.1483626011773092,0.10379322394225193,1.588376516068744,4.0
6.0,0.6663624795963267,0.12388343452757433,2.062832241173956,6.0
7.0,0.5860317063034116,0.12246729719717113,2.151933953947164,7.0
8.0,0.13196392922539113,0.12200275944622037,0.9492412185325244,4.0
9.0,0.3274975409371727,0.11468779417823419,1.743283575074007,6.0
10.0,0.22477968226122044,0.11797587549871064,2.075178534526765,7.0
11.0,0.18126541958404757,0.09922390759491627,0.9635991932250161,4.0
12.0,0.8782732627727956,0.1277698143088883,1.4389721632239336,5.0
13.0,0.14381351718584146,0.11913130475722364,0.8369882167858358,2.0
14.0,0.361765123645996,0.0884158589545004,1.408502112578455,4.0
15.0,0.12043267954247086,0.07951306061584595,0.6281806061058084,4.0
16.0,0.12622361869218157,0.04000134715163256,0.8654943499456529,4.0
17.0,1.0,0.0,0.0,0.0
18.0,1.0911427263779985,0.12000457120396928,1.312815412149053,6.0
19.0,1.315687596872632,0.08773261050625154,1.6021655986479513,7.0
20.0,0.1625829027625478,0.10956075796550224,1.1905557445461799,4.0
21.0,0.17892723810423722,0.13673382463152145,0.8975281944867675,4.0
22.0,1.0,0.0,0.0,0.0
23.0,0.9737331114328078,0.12648370907895168,1.111815301214744,4.0
24.0,1.1724981606191067,0.10870646389051848,1.0760673619775414,5.0
25.0,0.13422965336755752,0.13090975110163947,0.9868428324341086,4.0
26.0,1.249118263277514,0.11805394505247,1.5748764140364497,4.0
27.0,0.11728121734197194,0.05131222759189979,0.6453039216953734,4.0
28.0,1.002803500961127,0.11502641193958393,1.4530121290373759,4.0
29.0,0.21197706414521225,0.117567946198057,1.5622942927359347,7.0
