interval,Zmax,Zmin,q_value,SelectedNum
0.0,0.906843425863749,0.3180472084832988,0.7254070252625816,3.0
1.0,1.1557647619364182,0.9164109197445351,1.4633876274259006,5.0
2.0,0.9942812199993005,0.13794512297434564,0.6463571404310913,4.0
3.0,1.0676142790816272,0.839278783187105,0.9269517488903741,6.0
4.0,1.0722529971908117,0.1515167531105105,1.5823217396861802,4.0
5.0,1.0250791038240796,0.658359625546006,0.7200050230706428,4.0
6.0,1.1417180916789542,0.08756459216609588,1.4565165423251094,5.0
7.0,0.9691750959287811,0.911965526639673,0.9688054055681686,3.0
8.0,1.1340434100994552,0.8711540779951307,0.9093221298099701,4.0
9.0,1.2950302970824559,1.0081630909359456,1.448814704519552,4.0
10.0,1.0,0.0,0.0,0.0
11.0,1.1145634209389386,0.13180107632049282,1.3128020776985632,4.0
12.0,1.0,0.0,0.0,0.0
13.0,0.21713895734635674,0.08686670435399543,0.6815910362717157,4.0
14.0,0.5061070217179272,0.028552880238966467,1.5834525278550138,4.0
15.0,1.0,0.0,0.0,0.0
16.0,1.0,0.0,0.0,0.0
17.0,0.8448845831616201,0.16217055300075148,1.1446420741578311,4.0
18.0,0.2342275335453712,0.0431509657097389,0.8369882167858358,2.0
19.0,0.9444553664368888,0.07752575215451045,1.575508730212435,4.0
20.0,1.2281832947370879,0.10836686468981087,0.7478781981360244,4.0
21.0,0.952901045882812,0.3892825523059352,0.6058226750764709,5.0
22.0,1.1723236227897853,0.802300115866003,1.1856574746872293,3.0
23.0,0.9405027731815871,0.9405027731815871,-0.0,1.0
24.0,0.21605346139368875,0.21605346139368875,-0.0,1.0
25.0,0.15074883916132922,0.08754533879362966,0.6883838247030678,4.0
26.0,0.6343563797545909,0.09914905206293165,1.4071796990879575,4.0
27.0,1.0,0.0,0.0,0.0
28.0,0.15095096502988625,0.047111197881795415,0.9075179821740161,4.0
29.0,0.2246792358245633,0.2246792358245633,-0.0,1.0
30.0,1.0957248446954957,0.8770782615067352,1.0110634928541509,4.0
