interval,Zmax,Zmin,q_value,SelectedNum
0.0,0.5073840406159034,0.18714064831608432,1.2667945157653724,6.0
1.0,0.9182415229140294,0.14130212500289666,1.3910975042492553,6.0
2.0,0.9681400801244404,0.15806348081132357,1.0154705754223163,6.0
3.0,1.062675850062509,0.17369610147914852,1.400753384600406,8.0
4.0,1.0158903547079075,0.16381838440874075,0.6738463056299944,8.0
5.0,1.0285119595886263,0.1449724298780927,0.8537059219442028,8.0
6.0,0.9256313829108942,0.16981469691807186,1.4174350233565558,8.0
7.0,0.9095026702792155,0.1722498298066059,1.1619783751259445,7.0
8.0,1.0174704929400944,0.1625471009901289,1.504728119308326,9.0
9.0,0.9312761308060342,0.2095349297155076,0.8750812438479328,8.0
10.0,0.9236102570581108,0.19253841015673803,1.0461361595731424,4.0
11.0,0.22557835494623196,0.15932387087493483,0.9988182031606327,4.0
12.0,1.0929636848405062,0.13746103547597555,1.3405750173819313,5.0
13.0,1.0,0.0,0.0,0.0
14.0,0.23975095837415616,0.11968376416191748,1.3723118592972303,4.0
15.0,0.39704094885463753,0.17352349962501126,0.7659783693604137,4.0
16.0,1.1626291880516744,0.09859995154108299,1.014869368558558,4.0
17.0,0.2624073641935363,0.12681641361543555,0.9186045020975125,3.0
18.0,0.10963743773610772,0.09780084562739284,1.1363016299094788,3.0
19.0,0.21873539778275566,0.2148029731199412,0.8369882167858358,2.0
20.0,0.22549489688199195,0.07180945489298671,1.4445489532392308,5.0
21.0,0.21256868975240598,0.15178299421639527,0.8369882167858358,2.0
22.0,0.09818505840761145,0.05043331633712209,0.6545184536123928,4.0
23.0,0.17879638711261917,0.1754112277796768,1.0979043537073896,4.0
24.0,0.21266610859365234,0.09653795492200949,0.8186514638660891,4.0
25.0,0.07809501955113232,0.06289323110397146,1.0516644300014135,4.0
26.0,1.0,0.0,0.0,0.0
27.0,1.1517954610924355,0.11042213705835259,1.0572715107092665,7.0
28.0,0.9635056314922138,0.1249647309898899,0.6052748986467585,6.0
29.0,0.22313184323373048,0.2210831498322425,0.8369882167858358,2.0
30.0,1.0075341097041925,0.6643549348504887,0.8369882167858358,2.0
