interval,Zmax,Zmin,q_value,SelectedNum
0.0,1.1169219698150408,0.8908410707508821,0.897739703670508,3.0
1.0,1.0986529113756318,0.7653374767844312,0.7217609612408216,4.0
2.0,1.0431781623601972,0.7982584826770195,0.8058299282621812,4.0
3.0,1.0151509802271392,0.8294507242348171,0.8745522939261355,6.0
4.0,1.0445667809022858,0.927574414038468,0.721008786884089,4.0
5.0,1.1018616053107995,0.8413897313695253,0.8234373798538012,6.0
6.0,1.091487026498611,0.7422752382353122,0.7492251754012889,8.0
7.0,1.0441092177904847,0.8251802461708277,0.6703945069210853,5.0
8.0,1.143999196605271,0.8480525796230071,1.000041667801957,6.0
9.0,1.006924706187675,0.9534392301908404,1.1816522911955842,5.0
10.0,1.117836195669299,0.9770537032351279,1.0349440137964607,4.0
11.0,1.0922442292328474,0.6901438732311813,0.8159934925774025,8.0
12.0,1.0572344525600037,0.952424859185021,0.83499176990126,4.0
13.0,1.1208113372853774,0.8606968052620163,0.999759074917361,5.0
14.0,1.1187924725616658,0.8594672484702449,1.2535763626439926,7.0
15.0,0.9940370520885211,0.8761219295194551,0.8016817600960231,4.0
16.0,1.1168581050608077,0.8827126294820052,1.1344988641678708,7.0
17.0,1.0439187320933476,0.8508701306651002,1.3021435837677064,7.0
18.0,0.9833127577438865,0.8223675303208934,0.6878398473905389,4.0
19.0,1.1790869756153657,0.8580434113720455,0.9485895383284533,5.0
20.0,1.0059895398809138,0.8969319345489934,0.7686722738647884,4.0
21.0,1.1468797535103648,0.8674129915141708,0.7767193684962085,6.0
22.0,1.0025638945397655,0.9329326261428248,1.1421612552921372,4.0
23.0,1.0957479207192669,0.8971853144866304,1.1726255394192233,8.0
24.0,1.1310095823452646,0.6807749024125549,0.8171660120737654,7.0
25.0,1.051882886011463,0.8489989041061327,0.9065810027699093,4.0
26.0,1.0251459277331103,0.9110001247312323,0.8154561578540761,4.0
27.0,1.081894218181705,0.8509603394459317,0.9424265133077672,3.0
28.0,1.1123675854591393,0.7398424535406173,0.9841095810905458,4.0
29.0,1.0858340265951099,0.8607692543589925,0.8534128067354146,4.0
30.0,1.0402230061201518,0.9931960020267879,0.8369882167858358,2.0
