interval,Zmax,Zmin,q_value,SelectedNum
0.0,1.2072586211148668,0.3212284814105308,0.8578476844022791,5.0
1.0,1.1032348480748195,0.8032552792143012,1.2595390232697898,4.0
2.0,1.0683428729576077,0.3320369466308311,0.7174884095023562,4.0
3.0,1.0514666593227175,0.7775320155482104,1.0218135871742213,4.0
4.0,1.0768545310261812,0.861942883225712,1.002391215256328,4.0
5.0,1.085980685340427,0.2827363538070502,0.6122059003217948,5.0
6.0,0.9867016091475524,0.31158533403485034,0.6884447502531487,4.0
7.0,1.1493240633279602,0.28013600878166095,0.7307167150604708,4.0
8.0,1.1716228877958679,0.8039777467266288,0.8856999964175896,4.0
9.0,0.9627461756284977,0.5188087924159861,0.7518426726378286,4.0
10.0,1.0815508932005946,0.27989481256384263,0.7413739638996746,4.0
11.0,1.118944835685099,0.8932811005104281,1.3620616549136508,6.0
12.0,1.2537168097981608,0.5482927900605529,0.8693465636099902,5.0
13.0,0.9380203394790463,0.8575100041275967,0.851975645009788,4.0
14.0,0.9966348957835742,0.816591104356896,0.81128675381353,4.0
15.0,1.0483182350453948,0.5817890680448933,0.6968146238165238,4.0
16.0,1.04663541093037,0.8299892079145009,1.1895119425660687,4.0
17.0,1.0958051712791081,0.7227858735332874,0.7411903749371103,4.0
18.0,1.2335649217228921,0.3237239217932719,0.7294693701906277,4.0
19.0,1.1649345893797016,0.7024010438171695,1.1767529059543629,5.0
20.0,1.1898846918357968,0.752259295596172,1.1230768921569179,4.0
21.0,1.0711888696493244,0.3045310202949336,0.7911416355364091,4.0
22.0,1.086464358169387,0.32041637922678384,0.7288502657492513,4.0
23.0,1.267182463435831,0.8045523212494927,1.3515543762175661,4.0
24.0,0.9186774770771797,0.9186774770771797,-0.0,1.0
25.0,1.0,0.0,0.0,0.0
26.0,0.9441831787885779,0.9441831787885779,-0.0,1.0
