interval,Zmax,Zmin,q_value,SelectedNum
0.0,0.993219625245471,0.24578801081464938,0.8369882167858358,2.0
1.0,1.0435919208161453,0.24073848932724465,0.944821885684843,7.0
2.0,1.1383221562194066,0.2471713755158932,1.3588751101330319,4.0
3.0,1.0896418398928467,0.3205767091073948,0.6101304468781126,5.0
4.0,1.1255225005293072,0.35514904122193075,1.4342335291531987,6.0
5.0,1.0506495547125785,0.7125336334310779,0.7817964842567702,4.0
6.0,1.2044497999858474,0.24071596796019862,1.3352532318984174,9.0
7.0,1.215884916906519,0.23896731685446512,1.2613579835632929,5.0
8.0,1.0662716683039832,0.2285079639883216,1.010077825734776,5.0
9.0,1.010065430456968,0.2241395428156069,1.2451605306725901,8.0
10.0,1.157433073417251,0.43119849058602433,0.7731815583894042,4.0
11.0,0.9053490459415077,0.22031136273081894,1.414630546543447,7.0
12.0,1.101201967608905,0.33779012342107034,0.8141627192146142,5.0
13.0,1.1158995775961662,0.15985563124256544,1.0201795084550562,6.0
14.0,1.2983781066543933,0.2521571715441091,0.9383459657360709,4.0
15.0,1.1494216577299172,0.2296156390495858,0.9452845298770048,6.0
16.0,1.152689789637565,0.22342903889394997,0.8877513587483108,6.0
17.0,1.1099505053159027,0.25002812009928,1.350862234322856,4.0
18.0,1.13733927424694,0.23168998718844225,1.342478898279208,10.0
19.0,1.0795114255937117,0.25724375794174204,1.2455046673310826,7.0
20.0,1.02739269354564,0.21326087173197547,1.6396665775291666,5.0
21.0,1.0263982780760414,0.22621271742967444,0.8824019528395547,7.0
22.0,1.3143264121548803,0.21239844536550417,1.7238499697250653,8.0
23.0,0.34980029516069416,0.2609625717505116,1.0886468673655885,4.0
24.0,1.1673577896378202,0.1849225103725539,1.0013404579313372,9.0
25.0,1.2685830057525724,0.20096428286943688,0.668040802564108,5.0
26.0,0.8632408880723276,0.23557027349868134,1.1044780972265835,9.0
27.0,0.29837411031267946,0.28740598693370706,1.103574675966402,4.0
28.0,0.6762095074239164,0.35922005562327586,1.1605218304347331,4.0
29.0,0.30893774763171533,0.30893774763171533,-0.0,1.0
30.0,0.9734219301470576,0.289387544522717,0.8369882167858358,2.0
