interval,Zmax,Zmin,q_value,SelectedNum
0.0,0.9962701099275474,0.9660887042839097,0.8369882167858358,2.0
1.0,1.0609703013197316,0.8557869914794777,0.8387415659065977,4.0
2.0,1.0267732204440614,1.0267732204440614,-0.0,1.0
3.0,1.0234679380629421,0.8560537637936203,0.9039705986630436,4.0
4.0,1.049910369622176,0.9632970628403013,1.1056301588626058,4.0
5.0,0.9339222212651173,0.9082703730398635,0.8369882167858358,2.0
6.0,1.0343253769233867,0.8299201720921655,0.8833951946887296,5.0
7.0,1.1579349292816183,0.9751661271836487,0.8466924905754349,4.0
8.0,1.010496418459189,0.92821111511995,0.6678854803160227,4.0
9.0,0.9719275733964392,0.8161972514752708,0.9713263890562971,4.0
10.0,1.2228545410650182,0.9483215132412727,1.553712444370034,8.0
11.0,1.121959048926285,0.847312982652559,0.8768090097459663,3.0
12.0,0.9685767301907703,0.9143300305592053,0.9925605589168475,4.0
13.0,1.0826506883517921,0.7641265820635489,0.7224242416762383,4.0
14.0,1.0791671173416777,0.9117211904491197,0.9464618004978843,4.0
15.0,0.969139338342006,0.8328326706804021,1.267400472634459,4.0
16.0,0.9580277043914636,0.8167079478321867,0.9630000410760611,4.0
17.0,0.9824692495927526,0.8833369038367546,1.1544647449087595,4.0
18.0,0.9793776465624802,0.9703662809437482,0.8369882167858358,2.0
19.0,0.9616794163897052,0.8797102098644044,0.7482566194795204,4.0
20.0,0.9513523389686425,0.8898448764085368,0.8089334979312346,3.0
21.0,0.9981793753982827,0.9252884450176718,0.9153805253817381,4.0
22.0,1.0,0.0,0.0,0.0
23.0,1.0398664867824885,0.8873010263135303,0.8886123292922539,4.0
24.0,1.0254776152751153,0.8639916146579549,0.8369882167858358,2.0
25.0,1.0275760230561997,1.0275760230561997,-0.0,1.0
26.0,0.9303204438117109,0.767139258935317,1.0177714427339255,4.0
27.0,1.006432425124857,0.7432501072625219,0.919128537411709,8.0
28.0,1.0738140818420414,0.8152276569161835,0.8222976311774737,6.0
29.0,0.9098795810725693,0.9098795810725693,-0.0,1.0
30.0,0.9692334086729798,0.8474216902999316,0.7386872392713357,3.0
