interval,Zmax,Zmin,q_value,SelectedNum
0.0,0.2681346012288497,0.2681346012288497,-0.0,1.0
1.0,0.4652077692619065,0.24475312874722416,0.8586920814417853,6.0
2.0,1.0559111699702841,0.1676451617754282,0.693785724642973,6.0
3.0,1.0756684908484917,0.2555136161315305,1.5665206504819702,9.0
4.0,1.091330199076492,0.2707172552735578,1.2298318852774848,8.0
5.0,1.0757590467892928,0.26318662715487867,0.5518728491581284,6.0
6.0,1.1093895215253071,0.3978145018199231,0.6139611924630283,7.0
7.0,1.0860047785264504,0.17789332954910186,1.6796849624403947,9.0
8.0,1.165271460544995,0.26038864521874694,1.0749665788316274,7.0
9.0,1.1650991313162458,0.2743712336467418,1.050228537411077,6.0
10.0,1.120925450772206,0.1889624063506314,1.0757382238385,4.0
11.0,1.0328996988486845,0.3629573970638452,1.364935425889861,6.0
12.0,1.0703518621846713,0.3296443153045561,0.6715234669175204,8.0
13.0,1.0550510470127896,0.9239443505929699,1.0356347680512856,4.0
14.0,1.1662617186464657,0.9396932514248951,0.8490820866291667,5.0
15.0,1.1150287071134908,0.24009467750364366,0.6726411152601594,10.0
16.0,1.0881551627707053,0.9190780603248826,1.0998849785823057,4.0
17.0,1.1336701136949248,0.3692922351357872,0.8728304204318877,8.0
18.0,0.9482325982418692,0.18265558222653308,0.9751405828152242,10.0
19.0,1.0166888203566307,0.3206823884239397,1.1095199295301723,4.0
20.0,1.0830463961798,0.17432085228765634,0.9289902452527551,6.0
21.0,1.092070776676814,0.8910843503857895,0.8401710189944495,8.0
22.0,1.221016317140226,0.9282689624266539,1.4259817382469677,4.0
23.0,1.065206500483984,0.9726112442779988,1.2214416117164568,5.0
24.0,1.1977156176369144,0.2533842397753547,1.1532964500771241,4.0
25.0,1.0186802104728556,0.9542664451624434,0.9253808918637932,4.0
26.0,1.0600204240939912,0.16684701382634506,0.6723889651727619,4.0
27.0,1.0896016947571552,0.05476475870108032,0.6423448475049779,9.0
28.0,1.2007197558952232,0.10443322782810678,1.0041691481942194,10.0
29.0,1.150603716844452,0.9026722451502277,1.3883151350445477,12.0
30.0,1.0481176151262652,0.9453208841128026,0.9675128156738851,4.0
31.0,0.9798549025846621,0.9798549025846621,-0.0,1.0
