interval,Zmax,Zmin,q_value,SelectedNum
0.0,0.33647638834733407,0.17367381129541795,1.1997072699327873,4.0
1.0,0.9798165263872995,0.1726372505650514,1.3161696085395098,4.0
2.0,1.0060234986206256,0.17073551877684923,1.4277219152104903,8.0
3.0,0.9029979117084742,0.19208468343138235,0.9320185312541095,7.0
4.0,1.0551944368464552,0.19145239340557432,1.5816291667576077,10.0
5.0,0.7781069047178601,0.23521718559255037,1.3469353694497217,4.0
6.0,0.9923476132277831,0.18930187290953887,0.9251064462560679,10.0
7.0,1.0725263298581071,0.17020831280494922,1.3146799262679338,5.0
8.0,1.0329245312116122,0.1709072368681689,1.326862706790915,8.0
9.0,0.7233622637683874,0.1712373068690035,1.6163024710658036,5.0
10.0,0.8627306837703586,0.16995350173959733,1.1327021597276685,6.0
11.0,1.0784576308805685,0.16754328285932543,1.1693737923651684,4.0
12.0,1.052441965586872,0.18838022509517852,1.10079190225551,8.0
13.0,1.0784421936192767,0.2233027900452674,1.3866097149057635,7.0
14.0,1.0096948155391052,0.16717472397071934,1.7575154806703113,6.0
15.0,0.9918624704309932,0.16231892248324323,1.1500340428606808,8.0
16.0,0.9805143004218635,0.15736556013230202,1.3246887034589536,7.0
17.0,0.667710147925473,0.17584708399952978,1.4240050746808548,6.0
18.0,1.0683639552013555,0.20849031401327425,1.6549093984222807,8.0
19.0,0.6357849190150938,0.17418232244927026,1.6450812642075965,9.0
20.0,0.43949223010919597,0.1699529222643567,1.0501891652825508,4.0
21.0,0.8682459378346462,0.16081463038088156,1.5897315285438105,7.0
22.0,0.9961862905402045,0.18780409691755262,1.3794584017122746,8.0
23.0,0.48352859539073867,0.18355432461646856,1.4637590487637817,4.0
