interval,Zmax,Zmin,q_value,SelectedNum
0.0,0.9923357704391645,0.8561112524663689,0.8369882167858358,2.0
1.0,1.0481863513846659,0.8340860102404611,1.0723180683997389,4.0
2.0,1.1071276378248205,0.8668988519982701,1.1910469570132114,10.0
3.0,1.0610763297496408,0.7581314726370559,0.9351345814321812,4.0
4.0,1.1641342967678443,0.7990967556601142,1.079089817457635,8.0
5.0,0.9724471473323065,0.7488078022107005,0.8963895033390106,7.0
6.0,1.0445710342728434,0.7992075666661946,0.8893791171694322,9.0
7.0,1.0644970775292053,0.8949561439720256,1.1782400028554458,7.0
8.0,1.0931565488892403,0.8699885654142548,1.1737908533187942,4.0
9.0,1.0895463539009578,0.7740561897076558,1.054073868820196,6.0
10.0,1.0603904855787816,0.8141079852320645,0.851669569375957,10.0
11.0,0.9723271592718712,0.8179247518078719,0.8522989082596304,4.0
12.0,1.0850650575129837,0.8410294507076993,1.212974289970183,4.0
13.0,1.0260231281319616,0.8756266745511336,1.0919826200939582,4.0
14.0,1.1969122653857527,0.8620213503053925,1.4233658153568434,4.0
15.0,1.001908165511291,0.7950347905931855,1.2192159725963898,7.0
16.0,1.0810119592396308,0.5428173720440115,0.7954835527841215,8.0
17.0,1.1118041757930126,0.8327624704922132,1.2239511837753352,4.0
18.0,0.9895343883616251,0.7708534308964294,0.9286105734719631,6.0
19.0,0.9294261444816132,0.8093116006835482,0.806601137300912,5.0
20.0,1.0669345254119,0.7202486949100066,0.8711357981815987,7.0
21.0,0.9734331320718645,0.840989973227103,0.7628518154869627,6.0
22.0,1.0103267313855295,0.8976820037932383,0.8369882167858358,2.0
23.0,1.0563466466387117,0.8625300430923823,1.310795927760906,4.0
24.0,1.124897374868536,0.8358280313614678,1.3366369495391375,6.0
25.0,1.1048893130488862,0.6987950122400464,1.1472961839015103,6.0
26.0,1.1050599814189312,0.8595297769351959,1.085149532922698,4.0
27.0,1.0230708396924428,0.8284615527411027,0.7350423434090848,4.0
28.0,0.9458434150394618,0.7751131218031606,0.9401630938933115,4.0
29.0,1.0270865649428165,0.763989334374387,0.8933755661043468,8.0
