interval,Zmax,Zmin,q_value,SelectedNum
0.0,0.2299059968875828,0.17550948456731305,1.4914880365135716,4.0
1.0,1.3220443006863953,0.21785239143706875,1.5135230709637382,4.0
2.0,0.15150684167297881,0.11330992316351401,0.907700921589975,5.0
3.0,0.937015565791722,0.13280318888339923,0.9242478264104275,5.0
4.0,0.5888091665599319,0.13830289244333244,1.60891084653473,6.0
5.0,0.24101092022087606,0.11767944077773869,0.7338563071388754,3.0
6.0,0.28509690810820937,0.08845272208010627,1.0388283521705453,4.0
7.0,0.22730797274977657,0.14491474610800742,1.067702720229245,4.0
8.0,0.2303574871881516,0.09056308996343104,0.9460185761574997,4.0
9.0,1.1464365636308003,0.12612591114510668,1.5921214613456822,4.0
10.0,0.9874955362166169,0.18060832554032621,1.2846716082378733,4.0
11.0,0.32749432904016273,0.18661926365636672,0.9343062723017935,4.0
12.0,1.2331759812574465,0.19321973398407366,1.4597132521478107,5.0
13.0,0.2092592425677469,0.19371142902465388,1.2490920387188176,3.0
14.0,1.0,0.0,0.0,0.0
15.0,0.894309575959141,0.11471692716943345,1.6257851544902857,6.0
16.0,1.0597995174490096,0.17272509148283224,1.1090522919658423,4.0
17.0,0.16394734668650154,0.10895696260940754,0.9845057484004466,5.0
18.0,0.9914026000902068,0.08137436723690977,1.0874668243371488,4.0
19.0,0.16983739945468376,0.1439872696149357,1.0984917898156406,4.0
20.0,1.0006793476092,0.16765557039609602,0.7916525988499172,4.0
21.0,0.4836195045977304,0.120467695659013,1.1509306119551277,4.0
22.0,0.7661506045686041,0.07652185512698625,1.4059232798841255,4.0
23.0,1.0,0.0,0.0,0.0
24.0,0.3161707072518238,0.05949153096218412,1.2669686064870629,4.0
25.0,0.28531201456019994,0.08202270000934353,0.6563738890596057,4.0
26.0,0.3193935880759642,0.06193768115414279,0.8369882167858358,2.0
27.0,1.0,0.0,0.0,0.0
28.0,0.21496895532630525,0.15192970763988933,0.6630980976509531,4.0
29.0,0.35512164327039925,0.35512164327039925,-0.0,1.0
30.0,0.47125606454504537,0.47125606454504537,-0.0,1.0
