interval,Zmax,Zmin,q_value,SelectedNum
0.0,0.8671979832598063,0.8671979832598063,-0.0,1.0
1.0,1.003493761764947,0.21355528690558226,0.8231371129495111,3.0
2.0,0.7746831335878777,0.367865496892013,0.8568873609598219,4.0
3.0,0.9403034119077657,0.2450731170430306,1.0737145492107478,4.0
4.0,0.3697391153209877,0.21050670412215325,0.9938556552552343,4.0
5.0,0.9849069505330283,0.8204586002860548,0.777218788721917,4.0
6.0,1.0096605134682461,0.26305473858692685,1.5911106751731126,4.0
7.0,0.8183442164603139,0.2046273083652589,1.3442240588278682,4.0
8.0,1.0964881600271423,0.16042554417779226,0.8803832676366338,4.0
9.0,0.8397573773865366,0.2393003371159375,1.249446901858037,4.0
10.0,0.28518202975381984,0.20166035985563122,1.0353519966571154,4.0
11.0,0.9488584394978579,0.2433825302221708,0.7387941269609176,3.0
12.0,0.985328940078945,0.25592764473030793,1.4171978002618573,5.0
13.0,0.9573363699287337,0.24161935577164678,0.9092487867249621,4.0
14.0,1.0785748830511857,0.1841379584179105,1.4086917283843987,4.0
15.0,0.48719707458822825,0.21508867964769043,1.2529508327036643,3.0
16.0,1.0234848590617822,0.22583810101918717,1.81588191006839,5.0
17.0,0.23176389550855783,0.055986405740909184,0.9061477627822688,4.0
18.0,1.0,0.0,0.0,0.0
19.0,0.3069546501839901,0.197175069898471,0.8941776953886332,5.0
20.0,0.9150349374011417,0.07049934407885343,1.3344280174377303,4.0
21.0,0.35356656863441416,0.10927383697805045,1.4210899689761907,4.0
22.0,0.1869769376687039,0.1869769376687039,-0.0,1.0
23.0,1.0124237354071113,1.0124237354071113,-0.0,1.0
24.0,0.11781311760143458,0.09357216900675283,1.407722412340087,4.0
25.0,0.93497581239841,0.03807083253232571,0.8369882167858358,2.0
26.0,1.0964769062160509,0.15861020099625694,1.0725244758138914,10.0
27.0,0.32536199824117623,0.10908228585076585,0.8840101198939309,4.0
28.0,0.22824477741827215,0.21756947733613619,1.0062766406496635,4.0
29.0,0.9627821319209385,0.16038114356984443,1.43305451221752,6.0
30.0,0.9869535202430669,0.211788405264507,0.6504643956332342,4.0
31.0,0.3214462721041644,0.3214462721041644,-0.0,1.0
