interval,Zmax,Zmin,q_value,SelectedNum
0.0,0.8618252418302318,0.2481115235365681,1.340692269288537,10.0
1.0,0.23735770133352,0.18137758980920224,0.6380121641193406,4.0
2.0,0.2488413711899784,0.2101349824838234,1.1599871607537753,5.0
3.0,0.20407068813513426,0.14790588119225134,1.3230955954963284,7.0
4.0,0.16648597042036406,0.11740253666846139,0.7715698575739035,4.0
5.0,0.17625428350301106,0.14807860932805936,0.6922873103609657,4.0
6.0,0.20779701408721124,0.16541931663659915,0.7006538628594625,6.0
7.0,0.15067179852594845,0.11102270971140171,0.6333946927264947,4.0
8.0,0.1558762926983713,0.10624541340244235,0.6620252416906908,6.0
9.0,0.329234022884656,0.1621706791960537,1.673979730241194,10.0
10.0,0.17265515696339073,0.12008094112021274,0.7751794073710729,4.0
11.0,0.19741930492525053,0.12350786337733378,0.8077684332391444,5.0
12.0,0.20884217868979063,0.1539140206274495,1.284687134612682,10.0
13.0,0.1656874931309443,0.12445912433117158,0.6671193191738483,5.0
14.0,0.281558745691158,0.17012732361166183,0.962338554055081,7.0
15.0,0.1649273105233561,0.1552466301204711,1.051598762586918,4.0
16.0,0.17781999680631924,0.11060708620195456,1.0806403693513786,4.0
17.0,0.18604580728554854,0.13149485869288843,0.679339629695535,4.0
18.0,0.23675138408174262,0.1928217276000125,0.7476652646102568,5.0
19.0,0.20030617474976936,0.1247035878209679,1.043902667789283,4.0
20.0,0.17667989901889436,0.11950478218723712,0.6226352194620914,4.0
21.0,0.2610225466940676,0.11150669355672714,0.9085599901641824,5.0
22.0,0.15611902644785008,0.13325165099734068,0.6689717840842848,4.0
23.0,0.1642013051662541,0.11552144683089968,1.1033895656076174,4.0
24.0,0.2192377860615134,0.17505646514592063,1.4210739604514548,7.0
25.0,0.16840779945399245,0.11863176572501595,1.0669020154003164,4.0
26.0,0.1572350842745821,0.15639453028101727,0.8369882167858358,2.0
