interval,Zmax,Zmin,q_value,SelectedNum
0.0,0.44301232613833963,0.44301232613833963,-0.0,1.0
1.0,0.7873759311965624,0.5294408378927031,0.8693023026211676,4.0
2.0,1.1093322931658898,0.3003009997393396,0.7941784700167446,8.0
3.0,1.0153128945468353,0.3391970032938064,1.5653182201325724,5.0
4.0,0.7683337724777034,0.3110702499912821,0.8245374660471095,4.0
5.0,0.7671627828580466,0.28599514629094624,1.4500053163202573,5.0
6.0,0.6222483872961915,0.30189257494980215,0.8253671075214472,6.0
7.0,1.1591144006435923,0.3303557131615338,1.0361989811330143,4.0
8.0,1.1921923415460465,0.5733736330551862,0.8720545135291434,6.0
9.0,1.03510215275412,0.46692692920512174,1.4357252573593702,6.0
10.0,0.4668864145729554,0.30404528120925983,0.7035442053102459,4.0
11.0,0.7942958367254674,0.3229208623006201,1.2808867495272218,4.0
12.0,1.222651243904303,0.3186505562601375,1.2107183976907683,9.0
13.0,0.8939925916959209,0.2628149388372541,1.006897623828311,5.0
14.0,0.48509457071233447,0.24993469037186333,0.6087646903882156,8.0
15.0,0.5186244646048449,0.3099849165707914,0.8421428057081616,7.0
16.0,0.6505315953986698,0.5338461556492019,0.9393398241598712,4.0
17.0,1.2551399118023008,0.25068212393127365,1.2364584912771266,6.0
18.0,1.0,0.0,0.0,0.0
19.0,1.1871229756957296,0.25692058798990286,1.3953233391790814,9.0
20.0,0.5896580307840021,0.31180741926019184,1.6686368419915945,7.0
21.0,0.9953405178148016,0.1422520586868637,0.7309900116079299,4.0
22.0,0.9634693318905138,0.2737116522251603,1.197297787661091,3.0
23.0,0.4204022628494021,0.2852014073762612,1.8341697484586241,6.0
24.0,0.10297094863973952,0.0858042691954218,1.0847514941235312,4.0
25.0,1.0,0.0,0.0,0.0
26.0,1.0524833264145492,0.5042661663359322,1.0129862109418843,4.0
27.0,0.6493662007768698,0.555527927782803,0.8836917204078969,5.0
28.0,0.5578852756476627,0.3423026936273908,0.6562747509178382,5.0
29.0,0.8552398748445242,0.4392541732538516,1.0550718016210112,4.0
30.0,0.8510805688243015,0.4595707624549015,1.5477015773998246,4.0
