interval,Zmax,Zmin,q_value,SelectedNum
0.0,0.9043409903203353,0.7507819062025943,1.3170029930351737,4.0
1.0,0.9765086148118435,0.8164011728800918,1.1578493034277642,4.0
2.0,0.886590170610807,0.2565162554080405,0.7297588148313628,7.0
3.0,0.9517496894820325,0.2534592168502155,0.6327487556628291,6.0
4.0,0.9918615243420614,0.7229401620467432,0.9820613391010405,6.0
5.0,0.8367657441094614,0.21699886878233823,0.7748045774146783,3.0
6.0,0.9004777712159011,0.3418603235940631,0.8628873479302029,7.0
7.0,0.9818815368793957,0.269865419507562,0.6313385722990948,6.0
8.0,0.9065788696904249,0.19767393331264252,0.7579578023076267,6.0
9.0,0.60736107906492,0.2586031439739118,0.9338453541578786,4.0
10.0,0.9112014176691701,0.7084973212562904,0.6954856663614576,5.0
11.0,0.8334316843375816,0.2077097807263189,0.7702264131725772,4.0
12.0,0.9483936532051878,0.3077927820962453,0.7436749320170352,6.0
13.0,1.0150710051490568,0.1499135964142769,1.3303159720608515,9.0
14.0,1.0,0.0,0.0,0.0
15.0,0.8135767082355128,0.0645950104276795,1.4247361023867582,4.0
16.0,0.266834757658184,0.11499246250631898,0.8369882167858358,2.0
17.0,1.0,0.0,0.0,0.0
18.0,0.8710663428898457,0.5226093666163724,1.149383815928398,4.0
19.0,0.1711319137870993,0.06611354400306793,0.9020745313160626,3.0
20.0,0.9007531850136402,0.393884447108857,1.4250203440970162,4.0
21.0,0.07874029772623911,0.06298930667126894,1.0294934110663034,4.0
22.0,1.0,0.0,0.0,0.0
23.0,1.0,0.0,0.0,0.0
24.0,0.7446644292033696,0.5607913239289702,1.138275045529323,4.0
