interval,Zmax,Zmin,q_value,SelectedNum
0.0,1.0670904040041362,0.9049347747806419,0.7853355935712186,3.0
1.0,1.003880234279608,0.9324667838029583,0.821607748989598,6.0
2.0,1.0622730767214146,0.7428726518094594,0.7112015564089704,7.0
3.0,1.2118201750999025,0.7129089540748665,1.0806282348289549,5.0
4.0,1.1829837657745292,0.9252971229488005,1.066428654473466,7.0
5.0,1.0431215309329567,0.8491169554464936,0.8400861815363955,6.0
6.0,1.0575981036947997,0.8345517279220613,0.8858470036543169,4.0
7.0,1.2216201350805982,0.7854311386010284,1.1647284533134248,11.0
8.0,1.0283957940637913,0.8848255157529011,1.1857634766321896,7.0
9.0,1.1609268689569374,0.9072521205917965,1.003542141298136,6.0
10.0,1.1678218850241813,0.9010410354761462,0.9950374978737392,7.0
11.0,1.0510317819416142,0.8893576535731892,0.8067090603802656,8.0
12.0,1.2111053693536955,0.8231441689367442,1.3642576684934535,7.0
13.0,1.0906483249635868,0.9324665392590897,0.820243729897471,8.0
14.0,1.077100042369038,0.8840283579593845,0.9768012705008399,6.0
15.0,1.0773096895328718,0.8611462130054994,0.8866009141965977,6.0
16.0,1.0911650090990628,0.8855336286179164,0.9598006218833052,7.0
17.0,0.9951629568117097,0.8081058252780181,0.8349196049705012,4.0
18.0,1.0886612694608022,0.8927839182447811,0.7327338047573144,4.0
19.0,1.1057130623993352,0.841972682564717,0.9695239697394011,5.0
20.0,1.1186136432473313,0.8409929359232201,0.9737665033537325,9.0
21.0,1.163446695125501,0.8894799430433956,0.7902836511915317,8.0
22.0,1.084536928131162,0.8785731886019704,0.9417340772956864,4.0
23.0,1.0670198880070212,0.8322938185850974,0.7616626247816219,4.0
24.0,1.0476814552336466,0.8685538098139599,0.9449969831737807,6.0
25.0,1.055380693777688,0.7479413054109877,0.7979566269802332,4.0
26.0,1.0553973143694888,0.8924773888372702,1.2258044303617248,7.0
27.0,1.1082018563192582,0.7143607558928782,0.6535840830615586,7.0
28.0,0.9710557304280668,0.7854539317467447,0.7216362680620725,4.0
29.0,1.2404438363746157,0.8849077568582575,1.2543082851543774,4.0
30.0,1.0437976119023604,0.9251650206876123,0.7434154579086819,3.0
