interval,Zmax,Zmin,q_value,SelectedNum
0.0,1.1021266758501391,1.0324432336041278,0.8369882167858358,2.0
1.0,1.078160028802214,0.15094609655922112,0.661788953434571,4.0
2.0,1.166974631302728,0.2409404652694722,1.1525476573730735,4.0
3.0,1.0544233692461888,0.4273014215330389,0.6910199867899943,4.0
4.0,1.0413463266828145,0.17835102162854743,1.076897216008664,4.0
5.0,1.1114102382522346,1.0006385774534,1.4039550826840799,4.0
6.0,0.609499665127993,0.17229218627808637,1.044406984372042,5.0
7.0,0.9960532841045225,0.16937580552977108,1.050645100011217,4.0
8.0,0.2211281581300401,0.16335399500489708,0.9428238218154124,4.0
9.0,1.0254392350655457,0.26742698722379915,1.0663763069387477,4.0
10.0,0.9895829081796979,0.06362480768799608,0.7570561557994981,3.0
11.0,1.0004139266868526,0.09998296050698757,1.002073171884208,4.0
12.0,0.3533704153946041,0.12665258745915584,0.7617628907371663,4.0
13.0,0.34381656075810046,0.05020358985654027,1.44212526885612,4.0
14.0,0.12168551749577496,0.05610189353362394,0.956280840474283,4.0
15.0,0.16278647957859885,0.16278647957859885,-0.0,1.0
16.0,0.9416728484839706,0.05493943077891619,1.3729249070476528,4.0
17.0,0.2388601602625935,0.04154694850698194,0.8985655030284424,6.0
18.0,0.14261634052144215,0.08594465756059959,0.723536700352733,3.0
19.0,1.157728123517317,0.027619756200010084,1.0657888561013444,4.0
20.0,0.17245587939072765,0.08000750182518905,0.8985561376846873,4.0
21.0,1.0116041697113045,0.04181448432605732,1.3760426942093336,5.0
22.0,0.10697752447965032,0.07293974027628178,1.0600141412861568,4.0
23.0,0.07297172891766288,0.07014958888343191,1.1454819173209634,4.0
24.0,0.6498904277453551,0.041863152055583025,1.5466919485270587,4.0
25.0,1.0504413033583726,0.03955627515699179,1.1296087032164555,4.0
26.0,1.0747013019593983,0.14885407222561786,1.6182540032286952,11.0
27.0,0.23124732508099777,0.0818693349295046,0.6330189434437133,4.0
28.0,1.0,0.0,0.0,0.0
29.0,1.0075633223331995,0.2852408257386822,0.6329365851553852,4.0
