interval,Zmax,Zmin,q_value,SelectedNum
0.0,0.6840257240437024,0.28072797385364284,1.2642795604780164,6.0
1.0,0.8072532712812672,0.24350140950115082,1.5439408671567474,12.0
2.0,0.48336037478969207,0.2588828508249621,1.1372080012808428,8.0
3.0,0.7682764940834186,0.28277952995903344,0.7543937982895288,7.0
4.0,0.9959100700285661,0.24201068980187748,1.6729412207492458,10.0
5.0,0.9040624393188376,0.2421667834447893,1.4907037362896243,10.0
6.0,0.8561263021989507,0.23193493149733724,1.088630292718668,10.0
7.0,0.9070755505697188,0.2582318435596074,1.8876409311058264,10.0
8.0,1.1759351929825936,0.15701474166012344,1.833551416657395,8.0
9.0,0.7604192204771342,0.17737834641727596,1.4311719935428349,9.0
10.0,0.43376254141849363,0.286714064461341,1.2085696828740127,10.0
11.0,1.0331138987051307,0.2795321677509469,1.0725196217385446,8.0
12.0,1.0044312383857934,0.3028686341309557,1.231429775113231,6.0
13.0,1.147036807113193,0.18178678550539015,1.4607236455412802,10.0
14.0,1.0987884605641365,0.32224747742128546,1.1519480649025782,8.0
15.0,1.0213606586284174,0.23511743149169062,0.6972016610339566,9.0
16.0,1.0512144746808758,0.22832815340003382,2.1604120485005054,7.0
17.0,0.5758563606327021,0.2427714977349745,1.169328546886387,8.0
18.0,1.1647348574014877,0.28243065099148784,0.7801129250023846,7.0
19.0,1.2463723705572496,0.18981149782763582,1.5741887893899291,7.0
20.0,1.0,0.0,0.0,0.0
21.0,0.23543210040155074,0.14364622840166646,1.0961086046291144,4.0
22.0,1.129273454066984,0.07591873100332948,1.6403721036157326,5.0
23.0,0.6213281556251516,0.23256560465373902,0.7528539567583629,4.0
24.0,0.39748156737937707,0.33902409344984635,1.407898300566167,4.0
25.0,0.9869044524811055,0.4521790151617053,0.9526686053242281,4.0
26.0,0.9245895805789027,0.13954746801872264,1.506185653429044,5.0
27.0,1.020628608337689,0.358670772248288,1.0743061733998733,3.0
28.0,1.0408490187947355,0.26727859351825356,1.0212212530166722,6.0
29.0,1.005644677269285,0.9662721836364088,0.8369882167858358,2.0
30.0,1.0129156966343194,0.2813262503081261,1.2547212525928104,3.0
