interval,Zmax,Zmin,q_value,SelectedNum
0.0,1.0212042097899787,0.7839698090130885,0.8165452077777119,4.0
1.0,1.0076989481481953,0.9281544362756349,0.6951866244774487,4.0
2.0,0.9789334572225392,0.7993852527517163,0.6948016588005788,4.0
3.0,1.0974182430024841,0.7931084678421506,1.1797262510247881,6.0
4.0,1.0010416338965715,0.8589337420861509,0.7147700769798608,6.0
5.0,1.104623892422976,0.2558010252961821,0.7053642237295503,4.0
6.0,1.0489304557465804,0.7412979228656805,0.9337576939012009,4.0
7.0,1.0766097668301646,0.1807415275774477,0.5405993931470918,7.0
8.0,1.1088011807237383,0.7722345626777326,1.0205090097049019,5.0
9.0,1.1150716130604013,0.8682924724930189,1.0497700960540137,4.0
10.0,1.0451530962155409,0.9213567327636658,1.222966235282333,5.0
11.0,0.8785926871218743,0.7179719331336133,0.7166630621299157,8.0
12.0,1.145743749023501,0.2973716070297264,0.6855116948135626,6.0
13.0,1.0763162567110178,0.31984092690659194,0.6121809455517062,6.0
14.0,0.9328492777640401,0.5801675766852468,0.7934505339431858,4.0
15.0,1.1711430331372112,0.8376784399228463,0.920218777782652,4.0
16.0,1.066890090507007,0.886758996502324,1.0542527546840899,4.0
17.0,1.054324614002234,0.4188377546222607,0.5874705327427366,8.0
18.0,1.109169894825351,0.8499599399571794,1.4675565658577425,4.0
19.0,1.017733537650975,0.8568850118669274,0.896391730221878,6.0
20.0,1.2487016626213296,0.7771860290323711,1.000590576612159,4.0
21.0,0.4609202697033908,0.08569145821662436,1.5280479570472132,4.0
22.0,1.0410467565282875,0.7099979519335206,0.6882543960511237,4.0
23.0,1.0271223005634718,0.9703161642012667,1.0973560386313639,5.0
24.0,1.0,0.0,0.0,0.0
25.0,0.9823584763181125,0.11046541158316225,0.6758393438430874,4.0
26.0,1.0,0.0,0.0,0.0
27.0,0.7645132418127037,0.7645132418127037,-0.0,1.0
28.0,1.0319473071697343,0.9257648358464546,1.0020328914071674,4.0
29.0,1.0,0.0,0.0,0.0
30.0,0.9954228594588516,0.9954228594588516,-0.0,1.0
