interval,Zmax,Zmin,q_value,SelectedNum
0.0,1.0777217789847904,0.2645736807787983,1.404109403957852,5.0
1.0,1.2147146533530546,0.2665514055613499,1.4816745244733986,9.0
2.0,0.37156083327786976,0.23909334114257108,1.011116544195418,4.0
3.0,0.9546887992929705,0.20534548543310838,1.3805644838655404,6.0
4.0,0.35225872086803994,0.1638102396852758,1.112762831426914,6.0
5.0,0.44152669912722586,0.15809184317264433,1.4240806727100261,4.0
6.0,0.1340172248219534,0.0850544536861868,1.2949766540434016,5.0
7.0,0.9420757018548573,0.26708454188618924,0.6727952914013952,4.0
8.0,0.31220669113705746,0.15147580971164737,1.2478940690064118,5.0
9.0,0.5764518544293623,0.1910444571091932,0.7559146501911848,4.0
10.0,1.07179433254778,0.2486865142687422,1.5283341223360805,8.0
11.0,1.0579858078198254,0.3325622190964638,1.3566507350815942,7.0
12.0,0.7829140968739315,0.3607384466816552,1.0770492081362633,4.0
13.0,1.0149218310391748,0.10640780120278366,0.8542816694469091,4.0
14.0,1.0010844636202727,0.14402296437409826,1.4542425272595874,8.0
15.0,0.5467760226222793,0.12325207982393839,0.777994517037846,6.0
16.0,1.0894416535889893,0.1862942295068047,0.8984482603606759,5.0
17.0,0.8342031988965084,0.1379216480391082,1.759444520530335,10.0
18.0,0.6272091970450008,0.11787362667981832,1.5343551588107653,4.0
19.0,0.8843619427530087,0.1363889407192757,1.3407799295167029,9.0
20.0,0.5627178758501443,0.19623859342563393,1.17347327992849,6.0
21.0,0.19952985831631742,0.1733620931222397,0.946229623605364,4.0
22.0,0.05275846978098493,0.0512537764871647,0.8369882167858358,2.0
23.0,0.2858193990185782,0.05648303845298667,1.177067619756703,4.0
24.0,0.9733006780299744,0.43094872723886374,1.2921188844373388,6.0
25.0,0.5660980151899723,0.27427010985176253,0.9138357223300284,4.0
26.0,0.36402170167305514,0.1535045754075513,0.768652519619135,7.0
27.0,1.0,0.0,0.0,0.0
28.0,0.5741575385848168,0.31166619233624954,0.8369882167858358,2.0
29.0,0.8639914872909048,0.4449031487610408,0.7267568786046921,3.0
