interval,Zmax,Zmin,q_value,SelectedNum
0.0,0.7579524709698835,0.4717874589362786,0.8369882167858358,2.0
1.0,1.1229131440939146,0.2616572554043324,1.2634182288420117,6.0
2.0,0.7783408246253729,0.20850761859462227,1.2967913457859184,5.0
3.0,0.6910196689664011,0.17687273714699675,0.92428233609202,4.0
4.0,1.0714592331094055,0.25967149782741755,0.9858730660082264,7.0
5.0,1.1492857000955865,0.2674262121826554,0.6049444593974312,6.0
6.0,0.917223878132244,0.2797555222837581,1.1563005961611106,4.0
7.0,1.0,0.0,0.0,0.0
8.0,1.0,0.0,0.0,0.0
9.0,0.7547409647978878,0.20459146758398353,1.483791225673015,5.0
10.0,1.1212954742909351,0.4828422241319767,1.1849605401299224,4.0
11.0,1.1483516232294404,0.4298134872685974,0.969971271718981,4.0
12.0,1.1111669991337585,0.2640992268268001,1.3626574168775458,5.0
13.0,0.9965579623935303,0.2325444083275192,0.9155601885916306,4.0
14.0,0.9521500968258922,0.22196711905370398,1.16067728583963,4.0
15.0,0.45094093794181983,0.08663307100146549,1.537951869887363,4.0
16.0,1.0979755625386496,0.2517115015818538,1.197592355173552,5.0
17.0,1.0775749245805695,0.07751381860496588,1.5329548758072251,4.0
18.0,0.25023686504271886,0.12300241768011543,1.2285157761843593,4.0
19.0,0.6820757100629361,0.2231689206175859,1.0807497369711623,3.0
20.0,0.42503736912242757,0.256257458653264,0.8369882167858358,2.0
21.0,0.16849943416094018,0.14116619796958887,1.285648759573495,4.0
22.0,0.9557361945949725,0.05546881733199454,1.3661237230779157,4.0
23.0,1.0,0.0,0.0,0.0
24.0,1.0,0.0,0.0,0.0
25.0,0.14921273974691854,0.03051468247445384,1.1885398726192364,4.0
26.0,0.9172243650907415,0.22087402162582537,0.9435878307352346,4.0
27.0,0.4169186274355533,0.16986541427819607,0.9279867906159996,4.0
28.0,1.0918593379158184,0.23901936661003714,1.1336705459178842,6.0
