interval,Zmax,Zmin,q_value,SelectedNum
0.0,1.1067485163549764,0.9478417277988282,0.9670632034310499,5.0
1.0,1.1817811293817388,0.7145241678237759,0.7522729867841508,7.0
2.0,1.1797324470423416,0.8195241410373881,1.140014282843997,8.0
3.0,1.1757118911572544,0.7832040867480233,1.4144939806519845,7.0
4.0,1.2258515061364557,0.350712726531011,0.7369556624458363,4.0
5.0,1.2150825590070575,0.09501553228579213,0.5812724740520542,6.0
6.0,1.1086782765898666,0.8162500690011091,0.8597512399348948,4.0
7.0,1.2273035340370944,0.815238837219031,0.9478705510137562,5.0
8.0,1.0552266458836337,0.32964679499964833,0.5696244527295533,7.0
9.0,1.1534456898372487,0.4486786729983224,0.6559246839965102,7.0
10.0,1.0772676964965344,0.8671153956984112,1.0082876407346617,4.0
11.0,0.9473696597989287,0.34621428211209576,0.6482184030752284,4.0
12.0,1.059122016986892,0.04419329723093892,0.5121180917139564,6.0
13.0,1.0403686375068277,0.7686058447105268,0.6940116638834856,6.0
14.0,1.1675958039453205,0.5914069005314156,0.8123294232635443,4.0
15.0,1.1001578217866685,0.32785370850906714,0.6662115180689356,4.0
16.0,1.2065198934814934,0.15218729965410943,0.7344887758099652,4.0
17.0,1.0947636568927894,0.8630301425438951,0.8338654537188188,4.0
18.0,1.1579950081254284,0.9054484307556301,0.8665337905597702,4.0
19.0,1.093630779005543,0.5436690234646393,0.8862743070783744,4.0
20.0,0.9960180118267542,0.8914712827980524,1.0595156029689496,4.0
21.0,1.0342081312178915,0.843349600140614,0.8369882167858358,2.0
22.0,0.9003583187098791,0.9003583187098791,-0.0,1.0
23.0,1.0436936937651464,0.9282551774646061,0.8369882167858358,2.0
24.0,1.1556732184172345,0.7932081698327393,0.7981914050328571,6.0
25.0,1.0528692380800853,1.0528692380800853,-0.0,1.0
26.0,0.997170873646127,0.997170873646127,-0.0,1.0
27.0,1.0,0.0,0.0,0.0
28.0,1.1360690019991915,0.9180350009531181,1.0187108155881004,3.0
29.0,1.092984092567214,0.8477776415783591,0.7743494786190306,3.0
30.0,1.102914339329017,0.8764581966040267,0.8027431032461412,4.0
