interval,Zmax,Zmin,q_value,SelectedNum
0.0,0.8477684646808984,0.28273956914100423,1.5598901966560643,6.0
1.0,1.1172469315175444,0.2887208012290301,0.5557282568442524,6.0
2.0,1.1115347481340538,0.21587754772321469,0.9023862979883748,6.0
3.0,1.2140066763791242,0.3111009913608577,1.2391540860721755,7.0
4.0,0.23032085611492764,0.1387634244250277,0.5870010039010382,5.0
5.0,1.0513932981536986,0.11318252790137343,1.164857503823819,7.0
6.0,1.0838211721359885,0.20829483133261253,1.067846743918372,4.0
7.0,0.3173696071170028,0.18442977710596212,1.2435194683961348,7.0
8.0,1.005735386974007,0.21606956567803673,1.4485935205682887,8.0
9.0,0.29043543317610815,0.22793627090869265,1.3160283023542017,4.0
10.0,1.0389928544535973,0.35488485884387255,0.6816767803446191,4.0
11.0,0.8092295519247209,0.08157556436962574,1.1321939546102735,4.0
12.0,0.48842385010334466,0.17263111636460016,1.675517003708916,8.0
13.0,0.9330539588903877,0.1034549327761307,1.3752939495528067,4.0
14.0,1.0749429613644135,0.20096456942857646,0.7840691097770279,7.0
15.0,1.0878557345478497,0.2156260194565422,0.7050570923705342,8.0
16.0,0.07596325791249231,0.06802965529240212,1.1755308632727213,3.0
17.0,0.900771365003074,0.08752803788427777,1.0189264346614975,6.0
18.0,1.1199650660101188,0.40879956847933313,0.6973112706621944,4.0
19.0,0.6399606054394485,0.2470579115787667,1.3294511579083501,4.0
20.0,1.0,0.0,0.0,0.0
21.0,0.17745206781869866,0.0669559531093025,1.2536552644424184,3.0
22.0,0.7101899991967078,0.3507272748060408,1.457602185902853,6.0
23.0,0.24587712902939046,0.08103228437874394,1.0059478184263582,5.0
24.0,0.9309819087641861,0.2685013139650051,1.463726740698609,8.0
25.0,0.431320383952786,0.13574478080143584,0.9649403815987766,6.0
26.0,1.0,0.0,0.0,0.0
27.0,0.3084410355155575,0.29177019949516847,0.8369882167858358,2.0
28.0,0.5512223382571013,0.5512223382571013,-0.0,1.0
