interval,Zmax,Zmin,q_value,SelectedNum
0.0,1.101367703513973,0.8484432534364352,0.971493173589178,4.0
1.0,1.0409645545676516,0.9183568463968215,0.9331453191538103,3.0
2.0,1.0729496894014736,0.8759937598147547,0.7948446470988849,3.0
3.0,0.9214826263500089,0.622440958246796,0.8369882167858358,2.0
4.0,1.0180343326139634,0.9504157794235566,0.9840053558592117,4.0
5.0,1.1350327234758133,0.8997367049996274,1.0409485976630657,3.0
6.0,1.0051898541392656,0.1624278480487851,0.6272436318182705,4.0
7.0,1.0516182454758247,0.08069487491682452,1.0933073142860266,4.0
8.0,1.0998927045391425,0.11733216251454684,0.7106033120766453,4.0
9.0,1.0496109813872752,0.792026059879551,0.7277423542060847,3.0
10.0,0.9706790633111467,0.16725379462939144,0.9779446291317896,4.0
11.0,0.147251637292026,0.13521992586584528,0.7712057570602737,4.0
12.0,0.11159592998889817,0.0559942062265975,1.2254349534270916,4.0
13.0,0.1015548904670577,0.05256027981512614,0.8369882167858358,2.0
14.0,1.0,0.0,0.0,0.0
15.0,1.0,0.0,0.0,0.0
16.0,1.145903722187822,0.17651789222860698,0.6593077752596873,4.0
17.0,0.08606059104787196,0.05178215876379722,1.5450440534431968,4.0
18.0,1.0081005937849774,0.053362555438789844,1.2094046652125308,3.0
19.0,1.003097126095498,0.05015423247664307,0.6854092018851993,4.0
20.0,0.5470914472571697,0.1401108089225007,0.6252299806959806,4.0
21.0,0.07366230392621495,0.033978913292615334,1.03641702702067,4.0
22.0,0.6367576877361988,0.06586428895672199,1.288820067233871,6.0
23.0,1.0843275325267623,0.9505954851571276,0.8885951521914921,4.0
24.0,0.924787056939934,0.0471419847798125,0.8369882167858358,2.0
