interval,Zmax,Zmin,q_value,SelectedNum
0.0,0.8416285987102994,0.8416285987102994,-0.0,1.0
1.0,0.9131927143109565,0.7806189180286505,0.8369882167858358,2.0
2.0,0.9565764605655609,0.8208347827138281,0.7345353891164904,4.0
3.0,0.9970274047231809,0.7935908456379366,0.9257258985390666,4.0
4.0,0.9260172282752466,0.7758813153590737,1.136986632300246,4.0
5.0,0.9582282151962513,0.5488700092966549,0.790044416631225,4.0
6.0,0.9616601448054202,0.7274653366010645,0.7888628572316274,5.0
7.0,0.881024185439413,0.8393690231836349,1.0307248188330427,4.0
8.0,0.9671086151885528,0.7133607317260461,1.0779964310919012,4.0
9.0,0.9034051325307537,0.6712368072970587,0.719858701296609,4.0
10.0,1.0066482731073578,0.8002289179520623,1.3115979428824693,4.0
11.0,0.9777947548827663,0.7111517624251834,0.9942436312747708,4.0
12.0,0.8888907295041842,0.788496582929507,0.8175199251919951,4.0
13.0,0.9537677526492073,0.8603762114539335,1.125555112505931,4.0
14.0,1.0081176206078444,0.6954305293897692,0.8298308962773275,4.0
15.0,0.9450596214509762,0.7655718242569365,0.7415730445182976,4.0
16.0,0.8753202572800617,0.818588854765052,1.0036680197572954,4.0
17.0,1.1062934853929236,0.6882296778063655,1.0136506700678094,4.0
18.0,1.0101928576277797,0.708377952377047,0.9357216256821466,4.0
19.0,0.9590113766010449,0.813622410858481,0.71549325621411,4.0
20.0,0.9444561542488008,0.6897129684522834,0.995263474373203,4.0
21.0,0.9413289459390752,0.6330694435814037,0.8206387928948131,4.0
22.0,0.941558408732133,0.7153009022330734,0.7985013746043564,4.0
23.0,1.0258839521306788,0.7785059575921096,1.3186147983099326,5.0
24.0,1.0207614200892738,0.7192407623831378,0.9852586781826231,4.0
25.0,1.0479457503521752,0.8341443156172069,0.8571825841986297,4.0
26.0,0.9404155359283717,0.7295796659984798,0.813023028338615,3.0
