interval,Zmax,Zmin,q_value,SelectedNum
0.0,0.9466631533617671,0.1450437486740415,0.8937752473526643,4.0
1.0,1.1727158326785039,0.1295847349864668,0.938249811230608,3.0
2.0,1.002427530603809,0.06026352815962222,1.02210433014677,4.0
3.0,1.0,0.0,0.0,0.0
4.0,1.0428291506046585,0.6514737298544403,0.8225755824626051,4.0
5.0,1.0548375647405992,0.058598593129018224,0.9295567338623952,6.0
6.0,1.3278311028644205,0.07041134454876874,1.4445982637379968,5.0
7.0,0.9934292755000359,0.06585535980579026,1.105046165623886,4.0
8.0,0.9870352429620587,0.059503765922645536,0.6423357275506913,4.0
9.0,1.0247525654387926,0.05932651590349296,0.6255294316067008,4.0
10.0,1.060786460741156,0.08097196501498785,1.0241732345696644,5.0
11.0,0.9975277456408316,0.06028854994589315,1.1257967979106653,4.0
12.0,1.1092792941424112,0.0347223574217208,1.0851071347341863,4.0
13.0,1.1878133946615541,0.027929594269050017,0.6576298504435606,4.0
14.0,0.07627537637551508,0.06531426599886951,1.0354354118955928,4.0
15.0,1.1589483008385562,0.0711175924242663,0.8369882167858358,2.0
16.0,1.062355488511789,0.016496129369599637,0.7160183337406866,4.0
17.0,0.840186173159896,0.0571175317249851,0.8369882167858358,2.0
18.0,1.0481369833026337,0.8676355981890206,0.8369882167858358,2.0
19.0,1.0422171634216115,0.0718803316304362,1.0872487462299527,4.0
20.0,1.0386842661603335,0.9305956653923472,1.336713496017655,4.0
21.0,1.2179343041488921,0.0732954205565456,1.12656471324796,4.0
22.0,0.01912699146128545,0.01912699146128545,-0.0,1.0
23.0,1.0817488054967055,0.0184278052320496,0.7215869582731783,4.0
24.0,1.1178319810194752,0.0563397911340216,1.1225290922049895,4.0
25.0,0.8015787971904161,0.016762425111664918,1.3654776713622085,4.0
26.0,1.1708618282919898,0.586935634453558,0.8709539369636357,4.0
27.0,1.3252006607485975,0.07341430180079116,1.5814507947296068,4.0
28.0,0.7883744920065405,0.06586552603404244,1.074921605055339,4.0
29.0,0.1209352285671362,0.07350490606357452,1.13537158499699,4.0
