interval,Zmax,Zmin,q_value,SelectedNum
0.0,1.1094172384104521,0.8769533964561151,0.9936542664039438,4.0
1.0,0.9550971033517018,0.9337396822439791,0.8369882167858358,2.0
2.0,1.0442444228718415,0.9183921459581801,1.3903557582733668,4.0
3.0,0.9597183202605932,0.2849321504603103,0.5763875233039328,5.0
4.0,1.0357740846916506,0.2839903380812444,0.6666940117632476,4.0
5.0,1.0120193023925563,0.8926871171930043,0.9293537454957616,6.0
6.0,0.9838618346879223,0.2233879232092208,0.9517587546687611,5.0
7.0,1.0000637424639462,0.21388217126110098,0.637175634942805,4.0
8.0,0.9072045730278281,0.21762353238297247,0.8727668979025173,6.0
9.0,1.0868856094844017,0.976468946988494,1.1110385217554803,4.0
10.0,1.028348693432563,0.25831496169305534,0.6837002549646931,4.0
11.0,1.0996589585515086,0.9676067734888762,1.1553290647176806,4.0
12.0,0.9298380777904676,0.21441530414732218,0.8866287699983697,5.0
13.0,0.9737645101624588,0.27704197676681097,0.8823135877849766,4.0
14.0,1.0901381797787966,0.9482524598807699,1.1890500329384803,4.0
15.0,1.1741300788758038,1.0601636791445457,0.9689368115198492,4.0
16.0,0.83319713675411,0.19259824809058537,1.826020351232971,5.0
17.0,1.0316819487610498,0.2254567564834815,1.184281654894571,8.0
18.0,1.246865376327917,0.20061164096735096,1.4431328595298503,6.0
19.0,1.0688277639743544,0.7924351129433316,0.8134834822437556,4.0
20.0,1.1099013199176873,0.30165916738568216,1.1721179523543213,8.0
21.0,1.2507335486146893,0.2407589523762249,1.0438721595697817,11.0
22.0,1.0855960490295287,0.8713451061719584,1.0591656399454914,8.0
23.0,1.0546977115313851,0.2396704512008172,0.7061074344144748,6.0
24.0,0.8933868499049059,0.17210500918512472,1.0840572767170755,4.0
25.0,1.0201950230865167,0.9349320582002323,1.1846472688511647,4.0
26.0,1.0442465316188665,1.0442465316188665,-0.0,1.0
27.0,1.0738305044375025,0.8615824640418257,0.8369882167858358,2.0
28.0,1.0273887455482988,0.9312693756697691,0.9518025565960616,3.0
