interval,Zmax,Zmin,q_value,SelectedNum
0.0,1.0879882903927311,0.9709913855128309,1.014933674288818,3.0
1.0,1.0457382293584088,0.8853867167561319,1.1317442881394728,5.0
2.0,1.0664246650056624,0.8810338922476014,0.8358562135291696,4.0
3.0,1.0762722423123763,0.7828787865459121,0.7807948341733216,4.0
4.0,1.0553419125531307,0.8866869473247285,0.9922272198603824,8.0
5.0,1.2058852885476028,0.9593047485341752,1.1571222191436263,4.0
6.0,1.005818646781394,0.8545294769742418,0.826130350635331,4.0
7.0,1.0426438687442154,0.8956454015180922,1.002728200982768,6.0
8.0,1.175243837011573,0.9726254255659249,1.4445438597799172,6.0
9.0,1.0609617225515442,0.8802677648441338,1.2714988367252655,5.0
10.0,1.1001471708100077,0.9221298074605451,1.5785755287213152,6.0
11.0,1.0767824646766821,0.889808664524312,0.8369882167858358,2.0
12.0,1.0748241265441296,0.957794466864664,0.9144692616782304,4.0
13.0,0.9962521884704706,0.8416325685568891,0.6099366719581747,6.0
14.0,1.075976525488554,0.8793507249848618,0.924726497341403,4.0
15.0,1.0982990731266462,0.9114504354295009,1.1122007184333236,4.0
16.0,1.1553100532601823,0.9198968188542853,1.0122265796167476,6.0
17.0,1.1476710844827562,0.9126337079497504,1.3864843852022095,9.0
18.0,1.0990286885135019,0.9595494811608383,0.9253291062959974,6.0
19.0,1.152239261452643,0.9194018115955529,1.2785970294043745,5.0
20.0,1.1391897019307144,0.8484069322305452,1.083471530252106,4.0
21.0,1.000164758848956,0.891283349473124,0.7436915719840018,4.0
22.0,1.286456188121716,0.7602608875846234,1.0928958294648823,4.0
23.0,1.0331464889194495,0.7159757597222339,0.6410958675501935,4.0
24.0,1.1633197320963906,0.8356079910342995,0.8247034935929208,4.0
25.0,1.118282534351846,0.918806943300023,1.1887251759672786,6.0
26.0,1.1473513531998987,0.8789118554121135,0.8612671588709819,8.0
27.0,1.0474964042488077,0.9187671195407564,0.9154114367470344,6.0
28.0,1.1175032548060082,0.8990388596407424,1.3263994130409753,6.0
29.0,1.114116036812645,0.9484400507128117,1.142353042899991,5.0
30.0,1.086693606095493,0.9053478476581917,1.076253453530272,4.0
