interval,Zmax,Zmin,q_value,SelectedNum
0.0,1.0122960494828257,0.5654435638339482,0.742478037976724,4.0
1.0,1.1001737396635827,0.7803575424721915,1.1156530790356989,8.0
2.0,1.121899515477918,0.6256961547513232,0.6285086739310152,9.0
3.0,1.128064569641778,0.6437206409068714,1.3034674244408144,6.0
4.0,1.077470143698663,0.6334376825256216,0.6927764811863011,9.0
5.0,1.16569014646334,0.5776088618072968,0.8633711638539533,12.0
6.0,1.123987136071767,0.7317087520061244,0.9620857976689727,8.0
7.0,1.1455920813051843,0.442751071154552,0.6904612830129676,11.0
8.0,1.0629635019654402,0.7406427236579123,1.077046911213875,6.0
9.0,1.0037690504521224,0.7468291269765828,0.7452998964512332,8.0
10.0,0.947436173365307,0.6354074629152627,0.5717646749533895,7.0
11.0,0.9945195292898005,0.7602655281057243,0.5694367378713993,9.0
12.0,1.0465016342001325,0.7876707299202412,1.1850014958132444,4.0
13.0,1.0298024899262659,0.44932105775373365,0.5884897289156186,11.0
14.0,1.1462719623692073,0.6617379877740422,1.1933786285705719,11.0
15.0,0.987661555639433,0.8242866705148696,0.8831350722426985,8.0
16.0,0.9927687773432525,0.5890415566994918,0.7094986488359947,7.0
17.0,1.0712922797260638,0.44638369771254266,0.9793804922153696,11.0
18.0,1.1493821301919733,0.6840303619769366,1.1528384280995025,9.0
19.0,1.0102913290486464,0.6307366252920829,0.6332655397058843,9.0
20.0,1.0776927890478056,0.8118481162255418,1.4454983870085802,11.0
21.0,1.2191477210787873,0.5751366163976321,0.8466617681540062,11.0
22.0,1.0181650636013904,0.7658839034618341,0.926694888478484,6.0
23.0,0.950600429362582,0.7511715152662719,0.9477039952570531,10.0
24.0,0.9758291742293314,0.8890706676269633,0.7645897777341967,4.0
25.0,0.9887445094600048,0.8884177570407449,0.7976578363491836,5.0
26.0,1.2012265170606666,0.7746594869420045,1.055234742414039,9.0
27.0,1.0747931265732316,0.6014182689645043,0.8271439433719312,4.0
28.0,1.0285819906105984,0.7979564462657998,0.8143591582466849,4.0
29.0,1.0250614586276836,0.9410574549500458,0.8602970250809511,3.0
