interval,Zmax,Zmin,q_value,SelectedNum
0.0,1.054285146213453,0.9087640041863493,1.0131580843303247,4.0
1.0,1.1050380875067727,0.8355851838254807,0.6902024088877492,5.0
2.0,1.14395892691775,0.9134700891471689,0.9383331506565118,8.0
3.0,1.1336742146904684,0.9815238706852096,1.1667264704836762,7.0
4.0,1.0546703472084247,0.9062081098029762,0.8209932497072555,8.0
5.0,1.044253365471125,0.9367029026995198,0.9033958326318512,4.0
6.0,1.0365017424498462,0.8828619512586182,0.6834070254583946,4.0
7.0,1.0882205705407006,0.9165675826137935,0.7262774553493844,6.0
8.0,1.1162905496361195,0.8081614065182892,0.9276959685981856,4.0
9.0,1.1140910336907457,0.8945815042081691,1.1121705327085192,6.0
10.0,1.1165436840320897,0.8341934703733185,0.8052658048883468,9.0
11.0,1.0416484698922246,0.8194058640691582,0.8160836213505247,4.0
12.0,1.2642671121140228,0.7682944598138912,1.133561772476631,4.0
13.0,1.0580714991071476,0.8530557536118116,0.8754104916743662,5.0
14.0,1.1091329492595283,0.8867371882078509,1.2319873520063642,4.0
15.0,1.1372866015729006,0.8680220436127632,0.9104198352799414,4.0
16.0,1.0201521907307516,0.8757041196187442,0.9742761737689808,5.0
17.0,1.0461611365638603,0.890128847888779,0.8174803628235326,6.0
18.0,1.119199714328619,0.9056574035270697,0.940716934480125,6.0
19.0,1.136606832957475,0.8564623412821811,1.212618716298158,8.0
20.0,1.1334700403234212,0.8703093760981168,0.8319086687447523,5.0
21.0,1.10228565566423,0.8204943904198111,0.9247319825458218,4.0
22.0,1.1058845041871173,0.8718108110273055,1.43977054094075,6.0
23.0,1.0454078258384254,0.5881461115631286,0.7150959535090443,5.0
24.0,1.048041271802107,0.8195731494302615,0.806956932203213,4.0
25.0,1.1071196632712508,0.7441660514795035,1.0427896944054789,6.0
26.0,1.0496966086872856,0.9452059071977434,0.9063932065809094,4.0
27.0,1.0691683819261126,0.9002934323773976,0.798018547937745,4.0
28.0,1.1450842518109392,0.8853231698807196,1.2339959461029169,4.0
29.0,1.0040731618996783,0.9272858566499123,1.1209868797651636,4.0
30.0,1.0072522872348386,0.9942597135993337,0.8369882167858358,2.0
