interval,Zmax,Zmin,q_value,SelectedNum
0.0,0.7043787882345581,0.5164952062639855,1.1810697690587095,4.0
1.0,1.0202303209282788,0.5035076910166456,1.3366210705226396,4.0
2.0,0.5582071830791602,0.26298518664740494,1.1070177432434078,5.0
3.0,1.1362008117073081,0.298849652399012,1.165686080758185,5.0
4.0,1.0858677183429313,0.3950386602142459,1.1116453532325667,4.0
5.0,0.8498147621730395,0.2907893634135266,1.2345751747915898,6.0
6.0,0.9694321009453308,0.2837625039101514,0.9942787634869884,5.0
7.0,0.9453303950364164,0.3191031179434044,1.132771820681251,4.0
8.0,1.1652753688347197,0.8864968860062918,1.0061556525192314,4.0
9.0,1.0007018991504035,0.5825094569244349,0.9900663149550222,8.0
10.0,0.5648036356520182,0.3115143717294715,0.6607013739964341,4.0
11.0,1.1787977952250812,0.28074154038963794,1.5141292609123103,6.0
12.0,0.9814397171129295,0.5583545450912221,1.0418238842578318,4.0
13.0,0.8829493375923034,0.30006512856714124,0.6989666245155919,4.0
14.0,1.0340385839991961,0.28083741969605186,0.9410232778955836,5.0
15.0,1.2186964102093758,0.6423935915812087,1.3436638690180291,5.0
16.0,0.9591259106565385,0.3007502188636066,0.8448578281494747,4.0
17.0,1.1657419921888146,0.34331389499417675,1.1504971807965811,6.0
18.0,0.8303682331293538,0.3784065677320136,0.8682343929371358,6.0
19.0,1.2033943492980081,0.7363261226654166,1.0422445995000975,8.0
20.0,0.8421573989851773,0.28458086790272324,1.2797266505296512,6.0
21.0,0.9612661451024287,0.30358803204466006,0.9832215436385607,9.0
22.0,0.6738641633587671,0.32164615567685717,0.8503699997490111,7.0
23.0,0.9845178486674704,0.437974010767338,0.8087751287261382,7.0
24.0,1.0736242838494034,0.6194867129932039,1.0778279587807882,4.0
25.0,0.5803741214374651,0.569923815200737,1.408801972728735,4.0
26.0,1.1289569302033924,0.9043201234747954,0.8369882167858358,2.0
27.0,0.7172255600036971,0.6125157091329768,0.7742280544344834,3.0
28.0,0.6013937590672136,0.5683364226336903,0.9044147905991825,4.0
