interval,Zmax,Zmin,q_value,SelectedNum
0.0,0.2684578568130659,0.2660109445332276,0.8369882167858358,2.0
1.0,0.35231051627019405,0.29650502636592074,1.0783637619970734,4.0
2.0,0.42298352318220694,0.3076078154030436,1.487956293393676,4.0
3.0,0.7692483963622928,0.31008633286823545,1.0315163225221216,3.0
4.0,0.6608583262507184,0.368152910486763,1.362708276998451,4.0
5.0,0.408197985962403,0.2955406965538465,0.9335342510524719,4.0
6.0,0.40191406089424714,0.3001399382824101,1.2534759375230846,4.0
7.0,0.567017928846534,0.2894815671203423,1.1241877461801804,4.0
8.0,0.33280023943945336,0.3070601703390355,1.1944611281312332,4.0
9.0,0.41757137696500624,0.3334737169217327,1.2924682487736252,4.0
10.0,0.40766389400837066,0.3634504175714587,0.8997324751660535,3.0
11.0,0.31238571517248065,0.23090727603337094,0.7335107032794506,4.0
12.0,0.16012019853508555,0.10171469626155027,1.0883023180525746,4.0
13.0,0.06922704391131135,0.06922704391131135,-0.0,1.0
14.0,0.33671079655951,0.20565231815028653,0.8093569995915835,6.0
15.0,0.056992659841114617,0.056992659841114617,-0.0,1.0
16.0,0.05949673649628073,0.059409992937181653,0.8369882167858358,2.0
17.0,0.060021890809988376,0.02949178468762143,1.226205676131008,3.0
18.0,1.0,0.0,0.0,0.0
19.0,0.30498050123633796,0.09584454534294891,0.9930171845404735,4.0
20.0,0.36386790611767417,0.2652245430389001,0.6409063087373025,4.0
21.0,0.051429745412771996,0.038358961407929236,1.1057131144820043,4.0
22.0,0.4448524868111064,0.0625509906037752,0.9264461438428759,4.0
23.0,0.288451308142531,0.2671798260432571,1.0981668931219497,4.0
24.0,0.47352463745282014,0.34608746848041894,0.5370884397318249,7.0
25.0,1.0,0.0,0.0,0.0
26.0,0.36695792819514794,0.028287393038859885,1.5812575260637023,4.0
27.0,0.09867859544494095,0.06313383182979006,1.3039446702156763,4.0
28.0,1.0,0.0,0.0,0.0
29.0,1.0,0.0,0.0,0.0
30.0,0.43050751308657015,0.3675845896556102,1.2486079840166515,4.0
