interval,Zmax,Zmin,q_value,SelectedNum
0.0,0.6974841486451061,0.2900978807863234,0.6363410802911147,4.0
1.0,0.8988528508662167,0.15337347406072407,1.324873010273751,5.0
2.0,0.8249253286397202,0.1547344706897533,0.6545067881689276,4.0
3.0,0.9934891025701289,0.13947806676024924,0.9229027065576186,6.0
4.0,0.49667615255730035,0.21242523928753387,0.6539982220068435,6.0
5.0,1.025229062390941,0.1294268352333629,0.9880314814960132,10.0
6.0,0.9484374307159035,0.15258643983826606,1.3620364380472585,6.0
7.0,0.7398404664549363,0.10788153298751654,1.654525773041148,6.0
8.0,0.21227794983677584,0.10122075493687174,1.7572670042743568,5.0
9.0,0.9443038836291533,0.2511433403958352,1.0687671816782933,8.0
10.0,1.0868611107517872,0.18144086454255784,1.202731609049146,6.0
11.0,1.1121337417138222,0.1443760087890096,1.480454987911679,7.0
12.0,0.9645550334871962,0.13371944320843687,1.752288099672547,7.0
13.0,1.2087340951672023,0.18938783087909744,0.7610017907367161,5.0
14.0,0.9080644657125995,0.17909982669203117,0.575134324282967,7.0
15.0,1.109698010202312,0.13708939464280512,1.0567257727418458,7.0
16.0,1.037704514281113,0.1377724230992596,1.0540017974480826,7.0
17.0,1.0189693467949696,0.0999728225392893,1.594788654881605,6.0
18.0,0.9564677578718951,0.1455149898121984,1.4835945599357157,10.0
19.0,0.9922302990758629,0.1491920738534462,1.3116255416770213,8.0
20.0,0.8873517393009442,0.13273324515518423,1.518324396061784,6.0
21.0,0.8530994451613861,0.16122850209703263,1.9199759185354104,7.0
22.0,1.3353593725295418,0.17736670302717744,1.5544539228238599,4.0
23.0,1.0,0.0,0.0,0.0
24.0,0.8311566934293314,0.033693192509082745,1.4427046092374458,4.0
25.0,1.03802880474888,0.585701449342037,0.7224058922094952,4.0
26.0,1.0123294115424848,0.13240012920935634,0.8369882167858358,2.0
