interval,Zmax,Zmin,q_value,SelectedNum
0.0,0.91410371625774,0.2531931303111596,0.8461935848469981,4.0
1.0,1.0584434644731038,0.4341038258039549,1.017508729628787,4.0
2.0,1.037160273224863,0.18723046676668106,0.9629258864034114,4.0
3.0,0.9413834663495374,0.24286374477831038,1.0752836990785168,4.0
4.0,0.9331782421142663,0.16270792569905623,1.4173534751767245,4.0
5.0,1.042833142983149,0.24260905563525328,1.3989246656987264,6.0
6.0,0.9072129595919107,0.37004849563272146,1.0325679883226035,4.0
7.0,1.081559979850473,0.7633314085140238,1.0657139395343225,4.0
8.0,0.5629663722279442,0.20825359882632516,1.1966050768551995,4.0
9.0,1.0256807455282204,0.194390230649491,1.3251540537408875,6.0
10.0,0.904184870828848,0.16705709157541218,1.2812238070950772,4.0
11.0,0.27693687217348684,0.14353856416370533,0.873513102624739,4.0
12.0,0.34970938680137015,0.18969930229983764,1.2839067420185604,4.0
13.0,0.4049342636070042,0.11014631296730465,1.239429973559579,4.0
14.0,0.07333033264282643,0.07333033264282643,-0.0,1.0
15.0,0.19628185930580774,0.07840925696686862,1.2130452588804292,4.0
16.0,0.13834823543789984,0.059660116834230816,0.8369882167858358,2.0
17.0,0.5070198447355916,0.08976909765128341,0.9576747759874948,4.0
18.0,1.0631554972230526,0.09077602791981003,1.331402596295275,4.0
19.0,0.16040924069843965,0.11798529100334326,1.1945312175769998,3.0
20.0,1.0,0.0,0.0,0.0
21.0,0.12071827981168652,0.055060363323849046,1.1793000962813522,4.0
22.0,1.0,0.0,0.0,0.0
23.0,1.0,0.0,0.0,0.0
24.0,0.03887745900608575,0.02758082568767901,0.7526672689688435,4.0
25.0,0.0690780784699368,0.06885583879397897,0.9481056058238828,4.0
