interval,Zmax,Zmin,q_value,SelectedNum
0.0,1.0304993062379224,0.9948763070097225,0.8369882167858358,2.0
1.0,1.1243303623181926,0.9424012940081168,1.0975233446569634,4.0
2.0,1.0180189495744896,0.8453396423698805,0.6558733906484857,4.0
3.0,1.1094185283379263,0.8443127920670943,0.8317036386930767,4.0
4.0,1.0109568716322628,0.8292032061861431,0.8683005258639407,4.0
5.0,1.2094124962287036,0.7606756134394974,1.0805833607106023,7.0
6.0,0.9829847241501509,0.8536468645472312,0.8602249571239216,8.0
7.0,0.9865145034466897,0.7732145285575218,0.9839050305255167,5.0
8.0,1.142422213936649,0.828589559144181,1.1013551692154226,4.0
9.0,1.0684488213712158,0.8432761832378485,0.6592246762533099,8.0
10.0,1.076732152730714,0.8862803690584158,1.2556342168568817,5.0
11.0,1.0364301907053541,0.9473962541409952,0.8493899942824304,4.0
12.0,1.017105837984455,0.8546912895151603,0.9667643124491772,6.0
13.0,1.03196837266928,0.8761788615671259,0.7970572332205555,4.0
14.0,1.247046637761253,0.9663789237285911,1.614925048460697,6.0
15.0,1.0900139677159382,0.8911072300988676,1.0665904899189302,4.0
16.0,1.084593250508499,0.8320049588594512,0.9807017100386671,4.0
17.0,1.0098742114544532,0.9061502425119239,1.0846149737979265,4.0
18.0,1.07322231398294,0.8289870522451493,0.8782250073978435,5.0
19.0,1.0946213728023768,0.7947747582480107,0.7714306170878936,4.0
20.0,1.07670109540827,0.8790540864429872,0.9394265196571326,11.0
21.0,1.1273312887988527,0.8835464869090186,0.9636894624181215,7.0
22.0,1.1665827170265493,0.9141722800894012,0.851415076112447,4.0
23.0,1.1294679711331972,0.8802352963608251,1.1664631906155847,6.0
24.0,0.9637960297897321,0.8969112339306998,0.8804893850212451,4.0
25.0,1.1053102562760304,0.9528270463342291,0.9081993576287194,6.0
26.0,1.0502481399238557,0.8553999434395595,1.3648887433475492,6.0
27.0,1.068513800397739,0.9086119223630548,0.92763680789118,5.0
28.0,1.0329799525646872,0.779931088047399,0.6723881873260712,6.0
29.0,1.1394570174002798,0.9183907858329076,1.1499776764150116,5.0
30.0,0.9761074865808447,0.9717619246757356,0.8369882167858358,2.0
