interval,Zmax,Zmin,q_value,SelectedNum
0.0,1.2243190014580492,0.08991858331540431,0.6734596537138391,4.0
1.0,1.1850077647527115,0.08658858410229178,0.7012132672998639,4.0
2.0,1.0345015136786597,0.09470526146418094,0.5722237806498427,5.0
3.0,1.2362341395515903,0.09592895139257848,0.7285188030937836,6.0
4.0,1.012162271661779,0.05816895536062583,0.8149963714492502,7.0
5.0,1.2056891578186646,0.08811901180243549,0.6730747792831578,6.0
6.0,1.2027755448817214,0.08412228099331161,0.8561645726304802,8.0
7.0,1.0622965742166395,0.06515685236569195,0.8766498963654453,6.0
8.0,1.116250699862946,0.8805222332965877,1.4354130046713884,5.0
9.0,1.1785587446988102,0.9193759216550025,1.1601082314713504,5.0
10.0,1.1544110571940698,0.040897589098263507,0.6644723616980939,4.0
11.0,1.22527203442091,0.05177441097477901,0.9382307299418953,6.0
12.0,1.0930956125371665,0.8911862014142252,0.7228499837124063,5.0
13.0,1.2414751117846166,0.07106139945852928,0.742246982258979,5.0
14.0,1.0933314503771272,0.03111381218318678,0.7515960909576342,4.0
15.0,1.0971452701204103,0.045414891634246064,0.7152543138005483,4.0
16.0,1.1175027563117577,0.6748614014119446,0.8369882167858358,2.0
17.0,1.1700751444797879,0.05204525022140604,0.7642935530895129,8.0
18.0,1.077813789224844,0.8565628215653919,1.0871789053708976,7.0
19.0,1.284816143419795,0.8999670784388173,1.296698255525266,5.0
20.0,1.1398324475283568,0.03793681815215586,0.8711257008049073,6.0
21.0,1.1323483368743101,0.9038902786549711,0.9696399327837207,4.0
22.0,0.07089704299750012,0.07089704299750012,-0.0,1.0
23.0,1.0825698363447611,0.04152758566772514,0.6582672357294027,4.0
24.0,1.245349587849248,0.08739408709911674,0.7333022301222197,4.0
25.0,1.2211437534388923,0.049830786773656474,0.6560392629562377,5.0
26.0,1.0901212353765197,0.06414312617345198,0.5875020699895306,6.0
27.0,1.2061371064470545,0.055818243179849444,0.519498484432143,11.0
28.0,1.354466055625568,0.3324766863906333,0.9097801269102332,9.0
29.0,1.1702837834181035,0.8187963803400361,0.9550993790854255,6.0
30.0,1.0612113053097398,0.1142605884426578,0.5992819251633141,5.0
31.0,1.163908476634056,0.8403738898004959,0.7238494661243493,4.0
