interval,instspeed,avgspeed
0.0,13.89,13.89
1.0,13.89,13.89
2.0,13.89,13.89
3.0,13.89,13.89
4.0,13.89,13.89
5.0,13.89,13.89
6.0,13.89,13.89
7.0,13.89,13.89
8.0,13.89,13.89
9.0,13.89,13.89
10.0,13.89,13.89
11.0,13.89,13.89
12.0,13.89,13.89
13.0,13.89,13.89
14.0,13.89,13.89
15.0,13.89,13.89
16.0,13.89,13.89
17.0,13.89,13.89
18.0,13.898588389175163,8.329363302793046
19.0,13.849345623415314,8.017228805700112
20.0,6.945,6.945
21.0,14.041861589342378,8.49435269870652
